gpu_model,gpu_capacity_num,cpu_num,node_name
GPU-series-1,4,192,0
GPU-series-1,1,192,1
A10,1,128,2
A100-SXM4-80GB,8,128,3
GPU-series-1,1,192,4
GPU-series-1,1,192,5
A10,1,128,6
A10,1,128,7
A10,1,128,8
A10,1,128,9
A10,1,128,10
A10,1,128,11
A10,1,128,12
A100-SXM4-80GB,8,128,13
GPU-series-1,1,192,14
A10,1,128,15
A10,1,128,16
A100-SXM4-80GB,8,128,17
GPU-series-1,1,192,18
A10,1,128,19
A10,1,128,20
A10,1,128,21
A10,1,128,22
GPU-series-2,8,192,23
GPU-series-1,1,192,24
GPU-series-1,1,192,25
GPU-series-1,1,192,26
H800,8,192,27
A100-SXM4-80GB,8,128,28
A100-SXM4-80GB,8,128,29
A10,1,128,30
A10,1,128,31
A100-SXM4-80GB,8,128,32
A10,1,128,33
A100-SXM4-80GB,8,128,34
GPU-series-1,1,192,35
GPU-series-1,1,192,36
A10,1,128,37
H800,8,192,38
A10,1,128,39
A10,1,128,40
A10,1,128,41
A10,1,128,42
A10,1,128,43
A10,1,128,44
A10,1,128,45
A10,1,128,46
A10,1,128,47
A10,1,128,48
A10,1,128,49
A100-SXM4-80GB,8,128,50
A10,1,128,51
A10,1,128,52
A10,1,128,53
GPU-series-1,1,192,54
A10,1,128,55
A10,1,128,56
A10,1,128,57
A10,1,128,58
A10,1,128,59
A10,1,128,60
GPU-series-1,1,192,61
A10,1,128,62
A10,1,128,63
H800,8,192,64
GPU-series-1,1,192,65
GPU-series-1,1,192,66
GPU-series-1,1,192,67
A10,1,128,68
A10,1,128,69
A10,1,128,70
A100-SXM4-80GB,8,128,71
A10,1,128,72
A100-SXM4-80GB,8,128,73
GPU-series-2,8,192,74
A10,1,128,75
A10,1,128,76
A100-SXM4-80GB,8,128,77
A100-SXM4-80GB,8,128,78
A10,1,128,79
A10,1,128,80
A10,1,128,81
A10,1,128,82
A100-SXM4-80GB,8,128,83
A10,1,128,84
A10,1,128,85
A800-SXM4-80GB,8,128,86
A10,1,128,87
A10,1,128,88
A10,1,128,89
A10,1,128,90
GPU-series-1,1,192,91
A10,1,128,92
A10,1,128,93
A10,1,128,94
A10,1,128,95
GPU-series-1,1,192,96
A10,1,128,97
A10,1,128,98
A10,1,128,99
A10,1,128,100
A100-SXM4-80GB,8,128,101
GPU-series-1,8,192,102
GPU-series-1,1,192,103
A10,1,128,104
A10,1,128,105
A10,1,128,106
A10,1,128,107
A10,1,128,108
A10,1,128,109
A100-SXM4-80GB,8,128,110
A10,1,128,111
A10,1,128,112
GPU-series-1,1,192,113
A10,1,128,114
A10,1,128,115
GPU-series-1,8,192,116
A10,1,128,117
GPU-series-1,1,192,118
A10,1,128,119
A10,1,128,120
H800,8,192,121
A100-SXM4-80GB,8,128,122
A10,1,128,123
GPU-series-1,1,192,124
H800,8,192,125
A10,1,128,126
A10,1,128,127
GPU-series-1,1,192,128
A10,1,128,129
A10,1,128,130
GPU-series-1,1,192,131
A10,1,128,132
A100-SXM4-80GB,8,128,133
A10,1,128,134
A10,1,128,135
GPU-series-2,8,192,136
A10,1,128,137
A10,1,128,138
A10,1,128,139
GPU-series-1,1,192,141
A100-SXM4-80GB,8,128,142
A10,1,128,143
GPU-series-1,1,192,144
GPU-series-1,1,192,145
A10,1,128,146
GPU-series-1,1,192,147
GPU-series-1,1,192,148
GPU-series-1,1,192,149
A10,1,128,150
A10,1,128,151
A10,1,128,152
H800,8,192,153
GPU-series-2,8,192,154
A10,1,128,155
GPU-series-1,1,192,156
GPU-series-1,1,192,157
A800-SXM4-80GB,8,128,158
A10,1,128,159
A10,1,128,160
A10,1,128,161
A100-SXM4-80GB,8,128,162
GPU-series-1,1,192,163
A10,1,128,164
A10,1,128,165
A10,1,128,166
GPU-series-1,1,192,167
A10,1,128,168
A10,1,128,169
A10,1,128,170
A100-SXM4-80GB,8,128,171
A10,1,128,172
GPU-series-1,1,192,173
GPU-series-1,1,192,174
A10,1,128,175
A10,1,128,176
A10,1,128,177
A100-SXM4-80GB,8,128,178
H800,8,192,179
A10,1,128,180
A10,1,128,181
A100-SXM4-80GB,8,128,182
A10,1,128,183
A10,1,128,184
A10,1,128,185
A10,1,128,186
A10,1,128,187
A10,1,128,188
A10,1,128,189
A10,1,128,190
A10,1,128,191
A10,1,128,192
A10,1,128,193
A10,1,128,194
GPU-series-1,1,192,195
A10,1,128,196
GPU-series-2,8,192,197
GPU-series-1,1,192,198
A10,1,128,199
A10,1,128,200
A10,1,128,202
GPU-series-2,8,192,203
A10,1,128,204
GPU-series-2,8,192,205
H800,8,192,206
A10,1,128,207
A10,1,128,208
H800,8,192,209
A10,1,128,210
GPU-series-1,1,192,211
A10,1,128,212
A10,1,128,213
A10,1,128,214
A10,1,128,215
A10,1,128,216
H800,8,192,217
GPU-series-1,8,192,218
A100-SXM4-80GB,8,128,220
A10,1,128,221
A10,1,128,222
GPU-series-1,1,192,223
A10,1,128,224
A10,1,128,225
A10,1,128,226
A10,1,128,227
GPU-series-1,1,192,228
A10,1,128,229
GPU-series-1,1,192,230
GPU-series-1,1,192,231
GPU-series-1,1,192,232
A10,1,128,233
A10,1,128,234
A10,1,128,235
GPU-series-2,8,192,236
A10,1,128,237
GPU-series-1,1,192,238
A10,1,128,239
A10,1,128,240
GPU-series-1,1,192,241
A10,1,128,242
A100-SXM4-80GB,8,128,243
A10,1,128,245
GPU-series-1,1,192,246
A10,1,128,247
A10,1,128,248
GPU-series-1,8,192,249
GPU-series-1,1,192,250
A10,1,128,251
A10,1,128,252
GPU-series-2,8,192,253
A10,1,128,254
H800,8,192,255
GPU-series-1,1,192,256
GPU-series-1,1,192,257
A10,1,128,258
A100-SXM4-80GB,8,128,259
A100-SXM4-80GB,8,128,260
GPU-series-1,1,192,261
GPU-series-1,1,192,262
H800,8,192,263
GPU-series-1,8,192,264
A10,1,128,265
A10,1,128,266
A10,1,128,267
A10,1,128,268
A10,1,128,269
GPU-series-1,8,192,270
GPU-series-1,1,192,271
GPU-series-1,8,192,272
A100-SXM4-80GB,8,128,273
A800-SXM4-80GB,8,128,274
A10,1,128,275
A100-SXM4-80GB,8,128,276
GPU-series-1,1,192,277
A100-SXM4-80GB,8,128,278
A10,1,128,279
GPU-series-1,1,192,280
A100-SXM4-80GB,8,128,281
A10,1,128,282
A10,1,128,283
A10,1,128,284
GPU-series-2,8,192,285
A10,1,128,286
A10,1,128,287
A10,1,128,288
GPU-series-1,1,192,289
A10,1,128,290
A10,1,128,291
A100-SXM4-80GB,8,128,292
GPU-series-1,8,192,293
A10,1,128,294
A10,1,128,295
A10,1,128,296
A10,1,128,297
A10,1,128,298
A10,1,128,299
A10,1,128,300
GPU-series-2,8,192,301
GPU-series-1,1,192,302
A10,1,128,303
GPU-series-1,1,192,304
A10,1,128,305
A10,1,128,306
A10,1,128,307
GPU-series-1,1,192,308
GPU-series-2,8,192,309
A10,1,128,310
GPU-series-1,1,192,311
A10,1,128,312
A10,1,128,313
GPU-series-1,1,192,314
A10,1,128,315
A10,1,128,316
A10,1,128,317
GPU-series-1,1,192,318
GPU-series-1,1,192,319
A100-SXM4-80GB,8,128,320
A100-SXM4-80GB,8,128,321
GPU-series-1,1,192,322
A100-SXM4-80GB,8,128,323
GPU-series-1,1,192,324
GPU-series-2,8,192,325
GPU-series-1,1,192,326
A10,1,128,327
A10,1,128,328
A10,1,128,329
A100-SXM4-80GB,8,128,330
A10,1,128,331
GPU-series-1,1,192,332
A10,1,128,333
A10,1,128,334
A10,1,128,335
A10,1,128,336
A10,1,128,337
GPU-series-1,8,192,338
A10,1,128,339
A10,1,128,340
A10,1,128,341
GPU-series-1,1,192,343
GPU-series-1,1,192,344
A100-SXM4-80GB,8,128,345
GPU-series-1,8,192,346
A100-SXM4-80GB,8,128,347
A100-SXM4-80GB,8,128,348
A10,1,128,349
GPU-series-1,1,192,350
A10,1,128,351
A10,1,128,352
A10,1,128,353
A10,1,128,354
A100-SXM4-80GB,8,128,355
A10,1,128,356
A10,1,128,357
GPU-series-1,1,192,358
GPU-series-1,1,192,359
GPU-series-1,1,192,360
GPU-series-1,1,192,361
A10,1,128,362
GPU-series-1,1,192,363
A10,1,128,364
A100-SXM4-80GB,8,128,365
GPU-series-1,1,192,366
GPU-series-1,1,192,367
A10,1,128,368
A10,1,128,369
A10,1,128,370
A10,1,128,371
GPU-series-1,1,192,372
A10,1,128,373
A10,1,128,374
A10,1,128,375
A10,1,128,376
A10,1,128,377
A10,1,128,378
A10,1,128,379
A10,1,128,380
A10,1,128,381
GPU-series-1,1,192,382
A10,1,128,383
A100-SXM4-80GB,8,128,384
A10,1,128,385
A10,1,128,386
A10,1,128,387
A10,1,128,388
A10,1,128,389
A10,1,128,390
GPU-series-2,8,192,391
A10,1,128,392
A10,1,128,393
A100-SXM4-80GB,8,128,394
A10,1,128,395
GPU-series-1,1,192,396
GPU-series-1,1,192,397
GPU-series-1,1,192,398
A10,1,128,399
A10,1,128,400
H800,8,192,401
GPU-series-2,8,192,402
A10,1,128,403
GPU-series-1,8,192,404
GPU-series-1,1,192,405
A100-SXM4-80GB,8,128,406
A10,1,128,407
A10,1,128,408
A10,1,128,409
GPU-series-1,1,192,410
GPU-series-1,1,192,411
A100-SXM4-80GB,8,128,412
A10,1,128,413
A10,1,128,414
A10,1,128,415
A100-SXM4-80GB,8,128,416
A10,1,128,417
A100-SXM4-80GB,8,128,418
GPU-series-1,1,192,419
GPU-series-1,1,192,420
A100-SXM4-80GB,8,128,421
A10,1,128,422
A10,1,128,423
H800,8,192,424
A10,1,128,425
A10,1,128,426
A10,1,128,427
A10,1,128,428
A100-SXM4-80GB,8,128,429
A100-SXM4-80GB,8,128,430
A10,1,128,431
A10,1,128,432
A100-SXM4-80GB,8,128,433
A10,1,128,434
A10,1,128,435
A10,1,128,436
A10,1,128,437
A10,1,128,438
A10,1,128,439
A10,1,128,440
GPU-series-1,1,192,441
GPU-series-1,1,192,442
GPU-series-1,1,192,443
A10,1,128,444
GPU-series-1,1,192,445
A10,1,128,446
GPU-series-1,1,192,447
GPU-series-1,1,192,448
A10,1,128,449
GPU-series-1,1,192,450
A10,1,128,451
A100-SXM4-80GB,8,128,452
GPU-series-1,1,192,453
H800,8,192,454
A10,1,128,455
A10,1,128,456
A100-SXM4-80GB,8,128,457
GPU-series-1,1,192,458
A10,1,128,459
A10,1,128,460
A10,1,128,461
H800,8,192,462
A10,1,128,463
A10,1,128,464
GPU-series-1,1,192,465
A10,1,126,466
A10,1,128,467
A10,1,128,468
GPU-series-1,1,192,469
A10,1,128,470
GPU-series-1,1,192,471
GPU-series-2,8,192,472
A10,1,128,473
A10,1,128,474
A10,1,128,475
H800,8,192,476
GPU-series-1,1,192,477
A10,1,128,478
A10,1,128,479
A10,1,128,480
GPU-series-1,1,192,481
H800,8,192,482
A10,1,128,483
H800,8,192,484
A10,1,128,485
GPU-series-1,1,192,486
A10,1,128,487
GPU-series-1,1,192,488
H800,8,192,489
A10,1,128,491
A10,1,128,492
A10,1,128,493
A100-SXM4-80GB,8,128,494
A10,1,128,495
A10,1,128,496
A10,1,128,497
A10,1,128,498
GPU-series-1,1,192,499
A10,1,128,500
GPU-series-1,1,192,501
H800,8,192,502
A10,1,128,503
A100-SXM4-80GB,8,128,504
A10,1,128,505
A10,1,128,506
A10,1,128,507
A100-SXM4-80GB,8,128,508
GPU-series-1,1,192,509
GPU-series-1,8,192,510
A100-SXM4-80GB,8,128,511
A10,1,128,512
A10,1,128,513
A10,1,128,514
A100-SXM4-80GB,8,128,515
A10,1,128,516
A100-SXM4-80GB,8,128,517
A10,1,128,518
GPU-series-1,1,192,519
A10,1,128,520
A10,1,128,521
A10,1,128,522
A10,1,128,523
A10,1,128,524
GPU-series-1,1,192,525
A10,1,128,526
A10,1,128,527
A10,1,128,528
A10,1,128,529
GPU-series-1,1,192,530
A10,1,128,531
A10,1,128,532
A10,1,128,533
A10,1,128,534
H800,8,192,535
A10,1,128,536
H800,8,192,537
GPU-series-1,1,192,538
A10,1,128,539
A10,1,128,540
A10,1,128,541
A10,1,128,542
H800,8,192,543
H800,8,192,544
A10,1,128,545
A10,1,128,546
A10,1,128,547
GPU-series-1,8,192,548
A10,1,128,549
A10,1,128,550
GPU-series-1,1,192,551
GPU-series-1,1,192,552
A10,1,128,553
A10,1,128,554
GPU-series-2,8,192,555
GPU-series-1,1,192,556
H800,8,192,557
A10,1,128,558
GPU-series-2,8,192,559
A10,1,128,560
A10,1,128,561
A10,1,128,563
A10,1,128,564
H800,8,192,565
GPU-series-1,1,192,566
A100-SXM4-80GB,8,128,567
A10,1,128,568
A10,1,128,569
A10,1,128,570
A10,1,128,571
A100-SXM4-80GB,8,128,572
GPU-series-1,8,192,573
GPU-series-1,1,192,574
A10,1,128,575
A10,1,128,576
GPU-series-2,8,192,577
A10,1,128,578
GPU-series-1,1,192,579
GPU-series-1,1,192,580
GPU-series-1,1,192,581
A10,1,128,582
A10,1,128,583
A10,1,128,584
A10,1,128,585
A10,1,128,586
A100-SXM4-80GB,8,128,587
A10,1,128,588
A10,1,128,589
A100-SXM4-80GB,8,128,590
A10,1,128,593
GPU-series-1,1,192,594
GPU-series-1,1,192,595
A10,1,128,596
A100-SXM4-80GB,8,128,597
A10,1,128,598
A100-SXM4-80GB,8,128,599
GPU-series-1,1,192,600
A10,1,128,601
A10,1,128,602
GPU-series-1,1,192,603
A10,1,128,604
A10,1,128,605
A100-SXM4-80GB,8,128,606
H800,8,192,607
A10,1,128,608
GPU-series-1,8,192,609
A10,1,128,610
A10,1,128,611
GPU-series-1,1,192,612
H800,8,192,613
GPU-series-2,8,192,614
GPU-series-1,1,192,615
GPU-series-1,1,192,616
A100-SXM4-80GB,8,128,617
GPU-series-1,1,192,618
A10,1,128,619
A10,1,128,620
A100-SXM4-80GB,8,128,621
A10,1,128,622
GPU-series-1,1,192,623
A10,1,128,624
A10,1,128,625
A10,1,128,626
A10,1,128,627
A10,1,128,628
A10,1,128,629
GPU-series-1,1,192,630
A10,1,128,631
GPU-series-1,1,192,632
A100-SXM4-80GB,8,128,633
GPU-series-1,1,192,634
A10,1,128,635
GPU-series-1,1,192,636
GPU-series-2,8,192,637
A100-SXM4-80GB,8,128,638
A10,1,128,639
GPU-series-1,8,192,640
A10,1,128,641
A10,1,128,642
A10,1,128,643
A10,1,128,644
A10,1,128,645
A10,1,128,646
A10,1,128,647
GPU-series-1,1,192,648
GPU-series-1,1,192,649
A100-SXM4-80GB,8,128,650
A10,1,128,651
A10,1,128,652
GPU-series-2,8,192,653
A100-SXM4-80GB,8,128,654
A10,1,128,655
H800,8,192,656
GPU-series-2,8,192,657
A10,1,128,658
GPU-series-1,1,192,659
A10,1,128,660
A10,1,128,661
A10,1,128,662
GPU-series-1,1,192,663
H800,8,192,664
A10,1,128,665
A10,1,128,666
GPU-series-1,1,192,667
GPU-series-1,1,192,668
A10,1,128,669
A100-SXM4-80GB,8,128,670
A10,1,128,671
GPU-series-1,1,192,672
A10,1,128,673
H800,8,192,674
A10,1,128,675
A10,1,128,676
GPU-series-1,1,192,677
GPU-series-1,1,192,678
A10,1,128,679
A10,1,128,680
A10,1,128,681
GPU-series-1,1,192,682
A10,1,128,683
A10,1,128,684
A10,1,128,685
A10,1,128,686
A10,1,128,687
A10,1,128,688
A100-SXM4-80GB,8,128,689
A10,1,128,690
A10,1,128,691
A10,1,128,692
A10,1,128,693
GPU-series-1,1,192,694
A10,1,128,695
GPU-series-1,1,192,696
A10,1,128,697
A10,1,128,698
GPU-series-1,1,192,700
A10,1,128,701
A10,1,128,702
A10,1,128,703
A10,1,128,704
A10,1,128,705
GPU-series-1,1,192,706
A10,1,128,707
GPU-series-1,1,192,708
A10,1,128,709
GPU-series-1,1,192,710
H800,8,192,711
A10,1,128,712
A10,1,128,713
A100-SXM4-80GB,8,128,714
A10,1,128,715
H800,8,192,716
A10,1,128,717
A10,1,128,718
H800,8,192,719
GPU-series-1,1,192,720
A10,1,128,721
GPU-series-2,8,192,722
A10,1,128,723
GPU-series-1,1,192,724
GPU-series-1,1,192,725
A10,1,128,726
A10,1,128,727
A10,1,128,728
GPU-series-1,1,192,729
A10,1,128,730
A10,1,128,731
H800,8,192,732
H800,8,192,733
A10,1,128,734
A10,1,128,735
A10,1,128,736
A10,1,128,738
A10,1,128,739
GPU-series-1,1,192,740
A10,1,128,741
A10,1,128,742
A10,1,128,743
GPU-series-1,1,192,744
A10,1,128,745
A10,1,128,746
A10,1,128,747
GPU-series-1,1,192,748
A10,1,128,749
A10,1,128,750
A10,1,128,751
A100-SXM4-80GB,8,128,752
GPU-series-1,1,192,753
A10,1,128,754
A10,1,128,755
GPU-series-1,1,192,756
GPU-series-1,1,192,757
A10,1,128,758
A10,1,128,759
A100-SXM4-80GB,8,128,760
A10,1,128,761
A10,1,128,762
GPU-series-1,8,192,763
A10,1,128,764
A800-SXM4-80GB,8,128,765
A10,1,128,766
A10,1,128,767
A10,1,128,768
A10,1,128,769
A10,1,128,770
A10,1,128,771
A10,1,128,772
GPU-series-1,1,192,773
A10,1,128,774
A10,1,128,775
GPU-series-1,1,192,776
A100-SXM4-80GB,8,128,777
GPU-series-1,8,192,778
A10,1,128,779
A10,1,128,780
A10,1,128,781
GPU-series-1,1,192,782
GPU-series-1,1,192,783
GPU-series-1,1,192,784
A10,1,128,785
A10,1,128,786
A10,1,128,787
A10,1,128,788
H800,8,192,789
A10,1,128,790
A10,1,128,791
A10,1,128,793
A10,1,128,794
A10,1,128,795
A10,1,128,796
A10,1,128,797
A10,1,128,798
A10,1,128,799
A100-SXM4-80GB,8,128,800
A100-SXM4-80GB,8,128,801
A10,1,128,802
A10,1,128,803
A10,1,128,804
GPU-series-2,8,192,805
GPU-series-1,8,192,806
A10,1,128,807
A10,1,128,808
A10,1,128,809
GPU-series-1,1,192,810
A10,1,128,811
A10,1,128,812
GPU-series-1,1,192,813
A10,1,128,814
GPU-series-1,1,192,815
A10,1,128,816
A10,1,128,817
GPU-series-1,1,192,818
A100-SXM4-80GB,8,128,819
A100-SXM4-80GB,8,128,820
GPU-series-1,1,192,821
H800,8,192,822
H800,8,192,823
A100-SXM4-80GB,8,128,824
A10,1,128,825
A10,1,128,826
A10,1,128,827
A10,1,128,828
GPU-series-1,1,192,829
GPU-series-1,1,192,830
GPU-series-1,1,192,831
A10,1,128,832
GPU-series-1,1,192,833
A100-SXM4-80GB,8,128,834
A10,1,128,835
A10,1,128,836
A10,1,128,837
A100-SXM4-80GB,8,128,838
A10,1,128,839
GPU-series-1,1,192,840
GPU-series-1,1,192,841
A10,1,128,842
A100-SXM4-80GB,8,128,843
A10,1,128,844
A10,1,128,845
A800-SXM4-80GB,8,128,846
A10,1,128,847
A10,1,128,848
A100-SXM4-80GB,8,128,849
A10,1,128,850
A10,1,128,851
GPU-series-1,1,192,852
H800,8,192,853
A10,1,128,854
GPU-series-1,1,192,855
A10,1,128,856
A10,1,128,857
GPU-series-1,1,192,858
GPU-series-2,8,192,859
A10,1,128,860
A10,1,128,861
GPU-series-1,1,192,862
GPU-series-1,1,192,863
A10,1,128,864
GPU-series-1,1,192,865
A10,1,128,866
GPU-series-1,1,192,867
GPU-series-1,1,192,868
A10,1,128,869
A10,1,128,870
A10,1,128,871
A10,1,128,872
A100-SXM4-80GB,8,128,873
A10,1,128,874
A100-SXM4-80GB,8,128,875
A10,1,128,876
A10,1,128,877
A10,1,128,878
GPU-series-1,1,192,879
A10,1,128,880
H800,8,192,881
GPU-series-1,1,192,882
A10,1,128,883
GPU-series-1,1,192,884
H800,8,192,885
A10,1,128,886
A10,1,128,887
A10,1,128,888
A10,1,128,889
GPU-series-1,1,192,890
GPU-series-1,1,192,891
A10,1,128,892
GPU-series-1,1,192,893
A10,1,128,894
GPU-series-1,1,192,895
A10,1,128,896
A10,1,128,897
A10,1,128,898
A100-SXM4-80GB,8,128,899
A10,1,128,900
A100-SXM4-80GB,8,128,901
A10,1,128,902
A100-SXM4-80GB,8,128,903
GPU-series-1,1,192,904
GPU-series-1,1,192,905
GPU-series-1,1,192,906
GPU-series-1,8,192,907
GPU-series-1,1,192,908
A10,1,128,909
GPU-series-1,1,192,910
A10,1,128,911
A10,1,128,912
A10,1,128,913
A10,1,128,914
GPU-series-1,8,192,915
A10,1,128,916
GPU-series-1,1,192,917
H800,8,192,918
H800,8,192,919
H800,8,192,920
A10,1,128,921
GPU-series-1,1,192,922
A10,1,128,923
A10,1,128,924
A10,1,128,925
A10,1,128,926
GPU-series-1,1,192,927
A10,1,128,928
A10,1,128,929
A10,1,128,930
A10,1,128,931
A10,1,128,933
A10,1,128,934
A10,1,128,935
A10,1,128,936
A10,1,128,937
A10,1,128,938
A10,1,128,939
A10,1,128,940
A10,1,128,941
A100-SXM4-80GB,8,128,942
A10,1,128,943
A10,1,128,944
A10,1,128,945
A10,1,128,946
GPU-series-1,1,192,947
H800,8,192,948
GPU-series-1,1,192,949
GPU-series-2,8,192,950
A100-SXM4-80GB,8,128,951
A10,1,128,952
A10,1,128,953
A10,1,128,954
GPU-series-1,8,192,955
A10,1,128,956
A10,1,128,957
GPU-series-1,1,192,958
GPU-series-1,1,192,959
GPU-series-1,1,192,960
A10,1,128,961
A10,1,128,962
A10,1,128,963
A10,1,128,964
GPU-series-1,1,192,965
A10,1,128,966
A10,1,128,967
GPU-series-1,1,192,968
H800,8,192,969
H800,8,192,970
GPU-series-1,1,192,971
A100-SXM4-80GB,8,128,972
A10,1,128,973
A100-SXM4-80GB,8,128,974
A10,1,128,975
A100-SXM4-80GB,8,128,976
A10,1,128,977
A10,1,128,978
GPU-series-2,8,192,979
A10,1,128,980
GPU-series-1,1,192,981
GPU-series-1,1,192,982
A10,1,128,983
GPU-series-1,1,192,984
A10,1,128,985
A10,1,128,986
A10,1,128,987
A10,1,128,988
A10,1,128,989
A100-SXM4-80GB,8,128,990
GPU-series-1,1,192,991
A10,1,128,992
A10,1,128,993
GPU-series-1,1,192,994
GPU-series-1,1,192,995
A10,1,128,996
H800,8,192,997
A10,1,128,998
A10,1,128,999
GPU-series-2,8,192,1001
A10,1,128,1002
GPU-series-1,1,192,1003
A10,1,128,1004
GPU-series-1,1,192,1005
A10,1,128,1006
A10,1,128,1007
A100-SXM4-80GB,8,128,1008
A10,1,128,1009
GPU-series-1,1,192,1010
A10,1,128,1011
A10,1,128,1012
A10,1,128,1013
A10,1,128,1014
GPU-series-1,1,192,1015
A10,1,128,1016
A10,1,128,1017
A10,1,128,1018
GPU-series-1,1,192,1019
A10,1,128,1020
A10,1,128,1021
H800,8,192,1022
A100-SXM4-80GB,8,128,1023
GPU-series-1,1,192,1024
A10,1,128,1025
A10,1,128,1026
A10,1,128,1027
H800,8,192,1028
A100-SXM4-80GB,8,128,1029
A10,1,128,1030
A10,1,128,1031
A10,1,128,1032
A10,1,128,1033
A10,1,128,1034
GPU-series-1,1,192,1035
A10,1,128,1036
H800,8,192,1037
GPU-series-1,1,192,1038
GPU-series-1,1,192,1040
A10,1,128,1041
A10,1,128,1042
A10,1,128,1043
A100-SXM4-80GB,8,128,1044
A10,1,128,1045
GPU-series-2,8,192,1046
A10,1,128,1047
GPU-series-1,1,192,1048
A10,1,128,1049
A10,1,128,1050
H800,8,192,1051
A10,1,128,1052
GPU-series-1,1,192,1053
A10,1,128,1054
H800,8,192,1055
A10,1,128,1056
A10,1,128,1057
A10,1,128,1058
GPU-series-1,1,192,1059
GPU-series-1,8,192,1060
A10,1,128,1061
A10,1,128,1062
GPU-series-1,1,192,1063
GPU-series-1,1,192,1064
H800,8,192,1065
A10,1,128,1066
A10,1,128,1067
A10,1,128,1068
GPU-series-1,1,192,1069
A10,1,128,1070
A10,1,128,1071
H800,8,192,1072
A10,1,128,1073
A10,1,128,1074
H800,8,192,1075
A10,1,128,1076
A10,1,128,1077
A10,1,128,1078
GPU-series-1,4,192,1079
A10,1,128,1080
A10,1,128,1081
A10,1,128,1082
A10,1,128,1083
A10,1,128,1084
A10,1,128,1085
A10,1,128,1086
A10,1,128,1087
A10,1,128,1088
H800,8,192,1089
A100-SXM4-80GB,8,128,1090
A10,1,128,1091
A10,1,128,1092
A10,1,128,1093
GPU-series-1,1,192,1094
A10,1,128,1095
A10,1,128,1096
GPU-series-1,1,192,1097
A10,1,128,1098
GPU-series-2,8,192,1099
GPU-series-1,1,192,1100
A10,1,128,1101
A10,1,128,1102
A10,1,128,1103
A10,1,128,1104
GPU-series-1,1,192,1105
H800,8,192,1106
A10,1,128,1107
GPU-series-1,1,192,1108
GPU-series-1,1,192,1109
A100-SXM4-80GB,8,128,1110
GPU-series-1,1,192,1111
A10,1,128,1112
GPU-series-2,8,192,1113
A10,1,128,1114
A100-SXM4-80GB,8,128,1115
A10,1,128,1116
A10,1,128,1117
A10,1,128,1118
A10,1,128,1119
A10,1,128,1120
A10,1,128,1121
A10,1,128,1122
A10,1,128,1123
A10,1,128,1124
GPU-series-1,1,192,1126
A10,1,128,1127
A100-SXM4-80GB,8,128,1128
A10,1,128,1129
A10,1,128,1130
A10,1,128,1131
A10,1,128,1132
A10,1,128,1133
GPU-series-1,1,192,1134
A10,1,128,1135
A10,1,128,1136
A10,1,128,1137
H800,8,192,1138
A10,1,128,1139
A10,1,128,1140
A10,1,128,1141
A10,1,128,1142
A10,1,128,1143
A10,1,128,1144
H800,8,192,1145
GPU-series-1,1,192,1146
A10,1,128,1147
A10,1,128,1148
A10,1,128,1149
A100-SXM4-80GB,8,128,1150
A100-SXM4-80GB,8,128,1151
H800,8,192,1152
A10,1,128,1153
A10,1,128,1154
A10,1,128,1155
A10,1,128,1156
A10,1,128,1157
A10,1,128,1158
A10,1,128,1159
GPU-series-1,1,192,1160
A10,1,128,1161
A10,1,128,1162
A10,1,128,1163
A10,1,128,1164
A10,1,128,1165
GPU-series-1,1,192,1166
A100-SXM4-80GB,8,128,1167
A10,1,128,1168
A10,1,128,1169
A10,1,128,1170
A10,1,128,1171
A10,1,128,1172
A10,1,128,1173
GPU-series-2,8,192,1174
GPU-series-1,1,192,1175
A100-SXM4-80GB,8,128,1176
GPU-series-1,1,192,1177
A10,1,128,1178
A10,1,128,1179
GPU-series-1,1,192,1180
A10,1,128,1181
A10,1,128,1182
GPU-series-1,1,192,1183
A100-SXM4-80GB,8,128,1184
A10,1,128,1185
A10,1,128,1186
GPU-series-1,1,192,1187
A100-SXM4-80GB,8,128,1188
A10,1,128,1189
GPU-series-1,8,192,1190
A10,1,128,1191
A100-SXM4-80GB,8,128,1192
A10,1,128,1193
GPU-series-1,8,192,1194
A10,1,128,1196
A100-SXM4-80GB,8,128,1197
A10,1,128,1198
A10,1,128,1199
GPU-series-1,1,192,1200
A10,1,128,1201
A10,1,128,1202
A10,1,128,1203
A10,1,128,1204
A10,1,128,1205
GPU-series-2,8,192,1206
A10,1,128,1207
GPU-series-1,1,192,1208
A10,1,128,1209
A10,1,128,1210
A10,1,128,1211
A10,1,128,1212
A10,1,128,1213
A100-SXM4-80GB,8,128,1214
GPU-series-1,1,192,1215
A10,1,128,1216
H800,8,192,1217
A10,1,128,1218
A100-SXM4-80GB,8,128,1219
A10,1,128,1220
GPU-series-1,1,192,1221
A10,1,128,1222
A100-SXM4-80GB,8,128,1223
A10,1,128,1224
A10,1,128,1225
A10,1,128,1226
A10,1,128,1227
A10,1,128,1228
A10,1,128,1229
A10,1,128,1230
A10,1,128,1231
A10,1,128,1232
A100-SXM4-80GB,8,128,1233
A10,1,128,1234
A100-SXM4-80GB,8,128,1235
A10,1,128,1236
A10,1,128,1237
GPU-series-1,1,192,1238
A10,1,128,1239
GPU-series-1,1,192,1240
GPU-series-1,1,192,1241
A10,1,128,1242
A10,1,128,1243
A10,1,128,1244
GPU-series-2,8,192,1245
GPU-series-1,1,192,1246
GPU-series-1,1,192,1247
GPU-series-1,1,192,1248
GPU-series-1,1,192,1249
GPU-series-1,8,192,1250
GPU-series-1,1,192,1251
A10,1,128,1252
GPU-series-1,1,192,1253
GPU-series-1,1,192,1254
A10,1,128,1255
GPU-series-1,1,192,1256
A10,1,128,1257
A10,1,128,1258
A10,1,128,1259
A10,1,128,1260
A10,1,128,1261
A10,1,128,1262
A10,1,128,1263
A10,1,128,1264
A10,1,128,1265
GPU-series-1,1,192,1266
H800,8,192,1267
A10,1,128,1268
A10,1,128,1269
A10,1,128,1270
A100-SXM4-80GB,8,128,1271
GPU-series-1,1,192,1272
A10,1,128,1273
H800,8,192,1274
A10,1,128,1275
A10,1,128,1276
A10,1,128,1277
A100-SXM4-80GB,8,128,1278
H800,8,192,1279
A10,1,128,1280
A10,1,128,1281
A10,1,128,1282
A10,1,128,1283
GPU-series-1,1,192,1284
A10,1,128,1285
H800,8,192,1286
A10,1,128,1287
GPU-series-1,8,192,1288
GPU-series-1,1,192,1289
A10,1,128,1290
H800,8,192,1291
GPU-series-1,1,192,1292
GPU-series-1,1,192,1293
GPU-series-1,1,192,1294
A10,1,128,1295
GPU-series-1,8,192,1296
GPU-series-1,1,192,1297
A10,1,128,1298
A10,1,128,1299
GPU-series-1,1,192,1300
A10,1,128,1301
GPU-series-1,1,192,1302
GPU-series-1,1,192,1303
GPU-series-1,1,192,1304
GPU-series-1,1,192,1305
A10,1,128,1306
A10,1,128,1307
GPU-series-1,1,192,1308
A100-SXM4-80GB,8,128,1309
GPU-series-1,1,192,1310
A10,1,128,1311
A10,1,128,1312
A100-SXM4-80GB,8,128,1313
A10,1,128,1314
A100-SXM4-80GB,8,128,1315
A10,1,128,1316
GPU-series-1,1,192,1317
GPU-series-1,1,192,1318
A10,1,128,1319
A10,1,128,1320
H800,8,192,1321
A100-SXM4-80GB,8,128,1322
A10,1,128,1323
A10,1,128,1324
A10,1,128,1325
A10,1,128,1326
GPU-series-1,1,192,1327
A10,1,128,1328
GPU-series-1,1,192,1329
GPU-series-1,1,192,1330
A10,1,128,1331
A10,1,128,1332
GPU-series-1,1,192,1333
A10,1,128,1334
GPU-series-2,8,192,1335
A10,1,128,1336
A10,1,128,1337
GPU-series-1,1,192,1338
GPU-series-1,1,192,1339
A10,1,128,1340
A10,1,128,1341
A10,1,128,1342
A10,1,128,1343
A10,1,128,1344
GPU-series-1,1,192,1345
A10,1,128,1346
GPU-series-1,1,192,1347
A10,1,128,1348
A10,1,128,1349
GPU-series-1,1,192,1350
A10,1,128,1351
A10,1,128,1352
A10,1,128,1353
A10,1,128,1354
A100-SXM4-80GB,8,128,1355
GPU-series-1,1,192,1356
A10,1,128,1357
A10,1,128,1358
A100-SXM4-80GB,8,128,1359
A10,1,128,1360
A10,1,128,1361
A10,1,128,1362
A10,1,128,1363
A10,1,128,1364
A10,1,128,1366
A10,1,128,1367
GPU-series-2,8,192,1368
GPU-series-1,8,192,1369
A10,1,128,1370
A100-SXM4-80GB,8,128,1371
A10,1,128,1372
A10,1,128,1373
GPU-series-1,1,192,1374
A10,1,128,1375
GPU-series-1,1,192,1376
GPU-series-1,1,192,1377
A10,1,128,1378
GPU-series-2,8,192,1379
A10,1,128,1380
A10,1,128,1381
A10,1,128,1382
A10,1,128,1383
GPU-series-1,1,192,1384
A10,1,128,1385
GPU-series-1,1,192,1386
A10,1,128,1387
A10,1,128,1388
A10,1,128,1389
A10,1,128,1390
GPU-series-1,8,192,1391
GPU-series-1,1,192,1392
GPU-series-1,1,192,1393
A100-SXM4-80GB,8,128,1394
GPU-series-1,1,192,1395
A10,1,128,1396
A10,1,128,1397
A100-SXM4-80GB,8,128,1398
A10,1,128,1399
A10,1,128,1400
A10,1,128,1401
A10,1,128,1402
A10,1,128,1403
H800,8,192,1404
A100-SXM4-80GB,8,128,1405
GPU-series-1,1,192,1406
A10,1,128,1407
A10,1,128,1408
A10,1,128,1409
GPU-series-1,1,192,1410
A10,1,128,1411
GPU-series-1,1,192,1412
A10,1,128,1413
A10,1,128,1414
A10,1,128,1415
A10,1,128,1416
H800,8,192,1417
A10,1,128,1418
A10,1,128,1419
A10,1,128,1420
H800,8,192,1421
GPU-series-1,1,192,1422
A10,1,128,1423
H800,8,192,1424
A10,1,128,1425
A10,1,128,1426
A10,1,128,1427
A10,1,128,1428
GPU-series-2,8,192,1429
GPU-series-2,8,192,1430
A10,1,128,1431
GPU-series-1,1,192,1432
A100-SXM4-80GB,8,128,1433
A10,1,128,1434
A10,1,128,1435
H800,8,192,1436
A100-SXM4-80GB,8,128,1437
A10,1,128,1438
A10,1,128,1439
A100-SXM4-80GB,8,128,1440
GPU-series-1,1,192,1441
GPU-series-1,1,192,1442
A10,1,128,1443
A10,1,128,1444
GPU-series-1,8,192,1445
A10,1,128,1446
A10,1,128,1447
A10,1,128,1448
A10,1,128,1449
A10,1,128,1450
A10,1,128,1451
GPU-series-1,1,192,1452
A100-SXM4-80GB,8,128,1453
A10,1,128,1454
A10,1,128,1455
A10,1,128,1456
A10,1,128,1457
GPU-series-1,1,192,1458
A10,1,128,1459
GPU-series-1,1,192,1460
A10,1,128,1461
A100-SXM4-80GB,8,128,1462
GPU-series-2,8,192,1463
A10,1,128,1464
A10,1,128,1465
A10,1,128,1466
GPU-series-1,1,192,1467
A10,1,128,1468
A100-SXM4-80GB,8,128,1469
A10,1,128,1470
A10,1,128,1471
GPU-series-1,1,192,1472
GPU-series-2,8,192,1473
A10,1,128,1474
A100-SXM4-80GB,8,128,1475
GPU-series-1,1,192,1476
A10,1,128,1477
A10,1,128,1478
GPU-series-1,1,192,1479
GPU-series-1,1,192,1480
A10,1,128,1481
GPU-series-1,1,192,1482
A10,1,128,1483
GPU-series-1,1,192,1484
A10,1,128,1485
A10,1,128,1486
GPU-series-1,1,192,1487
GPU-series-1,1,192,1488
A10,1,128,1489
GPU-series-1,1,192,1490
GPU-series-1,1,192,1491
A10,1,128,1492
A10,1,128,1493
A10,1,128,1495
A10,1,128,1496
GPU-series-1,1,192,1497
A100-SXM4-80GB,8,128,1498
GPU-series-1,1,192,1499
GPU-series-2,8,192,1500
GPU-series-1,1,192,1501
GPU-series-1,1,192,1502
A10,1,128,1503
A10,1,128,1504
A10,1,128,1505
GPU-series-2,8,192,1506
A10,1,128,1507
A10,1,128,1508
A10,1,128,1509
GPU-series-1,1,192,1510
A10,1,128,1511
A10,1,128,1512
A10,1,128,1513
A10,1,128,1514
A10,1,128,1515
GPU-series-1,1,192,1516
A10,1,128,1517
A10,1,128,1518
A10,1,128,1519
A100-SXM4-80GB,8,128,1520
A10,1,128,1521
A10,1,128,1522
A10,1,128,1523
A10,1,128,1524
GPU-series-1,1,192,1525
GPU-series-1,1,192,1526
GPU-series-1,1,192,1527
A10,1,128,1528
GPU-series-1,1,192,1529
A10,1,128,1530
GPU-series-1,1,192,1531
A10,1,128,1532
GPU-series-1,1,192,1533
H800,8,192,1534
A10,1,128,1535
H800,8,192,1536
GPU-series-2,8,192,1537
GPU-series-1,1,192,1538
A100-SXM4-80GB,8,128,1539
H800,8,192,1540
H800,8,192,1541
A10,1,128,1542
A10,1,128,1543
A10,1,128,1544
GPU-series-1,1,192,1545
A10,1,128,1546
A10,1,128,1547
A10,1,128,1548
GPU-series-1,1,192,1549
A10,1,128,1550
A10,1,128,1551
A10,1,128,1552
A100-SXM4-80GB,8,128,1554
A10,1,128,1555
A10,1,128,1556
A100-SXM4-80GB,8,128,1557
A10,1,128,1558
A10,1,128,1559
A10,1,128,1560
A10,1,128,1561
GPU-series-1,1,192,1562
A10,1,128,1563
A10,1,128,1564
A10,1,128,1565
A10,1,128,1566
A10,1,128,1567
GPU-series-1,1,192,1568
A10,1,128,1569
A10,1,128,1570
A10,1,128,1571
GPU-series-2,8,192,1572
A100-SXM4-80GB,8,128,1573
GPU-series-1,1,192,1574
A10,1,128,1575
A10,1,128,1576
A10,1,128,1577
A10,1,128,1578
A10,1,128,1579
H800,8,192,1580
H800,8,192,1581
A10,1,128,1582
A10,1,128,1583
A10,1,128,1584
A10,1,128,1585
H800,8,192,1586
A10,1,128,1587
A10,1,128,1588
A10,1,128,1589
GPU-series-1,1,192,1590
GPU-series-1,1,192,1591
A10,1,128,1592
GPU-series-1,1,192,1593
A10,1,128,1594
A10,1,128,1595
A10,1,128,1596
GPU-series-1,1,192,1597
A10,1,128,1598
A100-SXM4-80GB,8,128,1599
A10,1,128,1600
GPU-series-1,1,192,1602
A10,1,128,1603
A10,1,128,1604
A10,1,128,1605
A10,1,128,1606
A10,1,128,1607
A10,1,128,1608
A10,1,128,1609
GPU-series-1,1,192,1610
GPU-series-2,8,192,1611
A10,1,128,1612
A10,1,128,1613
GPU-series-1,8,192,1614
A10,1,128,1615
A10,1,128,1616
A10,1,128,1617
A10,1,128,1618
GPU-series-1,1,192,1619
A100-SXM4-80GB,8,128,1620
GPU-series-1,1,192,1621
GPU-series-1,1,192,1622
A10,1,128,1623
A100-SXM4-80GB,8,128,1624
A10,1,128,1625
GPU-series-2,8,192,1626
GPU-series-1,1,192,1627
A10,1,128,1628
GPU-series-1,1,192,1629
A10,1,128,1630
GPU-series-1,1,192,1631
H800,8,192,1632
A10,1,128,1633
GPU-series-1,1,192,1634
A10,1,128,1635
A10,1,128,1636
GPU-series-1,1,192,1637
A10,1,128,1638
A100-SXM4-80GB,8,128,1639
GPU-series-2,8,192,1640
A10,1,128,1641
A10,1,128,1642
A10,1,128,1643
A10,1,128,1644
H800,8,192,1645
A100-SXM4-80GB,8,128,1646
GPU-series-1,1,192,1647
H800,8,192,1648
A10,1,128,1649
A10,1,128,1650
H800,8,192,1651
A100-SXM4-80GB,8,128,1652
A10,1,128,1653
GPU-series-1,1,192,1654
A100-SXM4-80GB,8,128,1655
GPU-series-1,1,192,1656
A10,1,128,1657
GPU-series-1,1,192,1658
A10,1,128,1659
A10,1,128,1660
A10,1,128,1661
A10,1,128,1662
A10,1,128,1663
A100-SXM4-80GB,8,128,1664
GPU-series-1,1,192,1665
A10,1,128,1666
A10,1,128,1667
A10,1,128,1668
A10,1,128,1669
GPU-series-1,1,192,1670
H800,8,192,1671
A10,1,128,1672
A10,1,128,1673
A10,1,128,1674
GPU-series-1,1,192,1675
A10,1,128,1676
GPU-series-1,1,192,1677
A10,1,128,1678
A10,1,128,1679
A10,1,128,1680
H800,8,192,1681
A10,1,128,1682
A10,1,128,1683
A10,1,128,1684
A10,1,128,1685
A10,1,128,1686
A10,1,128,1687
A10,1,128,1688
A10,1,128,1689
A10,1,128,1690
A10,1,128,1691
GPU-series-1,1,192,1692
A10,1,128,1693
A10,1,128,1694
GPU-series-1,1,192,1695
A10,1,128,1696
A10,1,128,1697
A100-SXM4-80GB,8,128,1698
GPU-series-1,1,192,1699
A10,1,128,1700
A100-SXM4-80GB,8,128,1701
A10,1,128,1702
A10,1,128,1703
A10,1,128,1704
A10,1,128,1705
A10,1,128,1706
GPU-series-1,1,192,1707
GPU-series-1,1,192,1708
A10,1,128,1709
A10,1,128,1710
A100-SXM4-80GB,8,128,1711
A10,1,128,1712
A10,1,128,1713
A10,1,128,1714
GPU-series-1,1,192,1715
A10,1,128,1716
A10,1,128,1718
A10,1,128,1719
A10,1,128,1720
A10,1,128,1721
A10,1,128,1722
H800,8,192,1723
A10,1,128,1724
GPU-series-1,1,192,1725
A10,1,128,1726
A10,1,128,1727
A10,1,128,1728
GPU-series-1,1,192,1729
A10,1,128,1730
H800,8,192,1731
A10,1,128,1732
GPU-series-1,1,192,1733
A100-SXM4-80GB,8,128,1734
A10,1,128,1735
GPU-series-1,1,192,1736
A10,1,128,1737
A10,1,128,1738
A10,1,128,1739
GPU-series-1,1,192,1740
A100-SXM4-80GB,8,128,1741
A10,1,128,1742
A10,1,128,1743
A10,1,128,1744
A10,1,128,1745
A10,1,128,1746
A10,1,128,1747
A10,1,128,1748
A10,1,128,1749
A10,1,128,1750
A10,1,128,1751
A10,1,128,1752
GPU-series-1,1,192,1753
A100-SXM4-80GB,8,128,1754
A10,1,128,1755
A10,1,128,1756
A100-SXM4-80GB,8,128,1757
A10,1,128,1758
GPU-series-1,1,192,1760
A10,1,128,1761
GPU-series-2,8,192,1762
H800,8,192,1763
A100-SXM4-80GB,8,128,1764
A10,1,128,1765
A10,1,128,1766
A10,1,128,1767
A10,1,128,1768
A100-SXM4-80GB,8,128,1769
GPU-series-1,1,192,1770
GPU-series-2,8,192,1771
A10,1,128,1772
A10,1,128,1773
GPU-series-1,1,192,1774
A100-SXM4-80GB,8,128,1775
GPU-series-1,1,192,1776
A100-SXM4-80GB,8,128,1777
A10,1,128,1778
GPU-series-1,1,192,1779
A10,1,128,1780
A10,1,128,1781
A10,1,128,1782
A10,1,128,1783
GPU-series-2,8,192,1784
A10,1,128,1785
A100-SXM4-80GB,8,128,1786
GPU-series-1,1,192,1787
GPU-series-1,1,192,1788
GPU-series-1,8,192,1789
A100-SXM4-80GB,8,128,1790
GPU-series-1,1,192,1791
A10,1,128,1792
A10,1,128,1793
A10,1,128,1794
A10,1,128,1795
A10,1,128,1796
GPU-series-1,1,192,1797
A10,1,128,1798
A100-SXM4-80GB,8,128,1799
A10,1,128,1800
A10,1,128,1801
GPU-series-1,1,192,1802
A100-SXM4-80GB,8,128,1803
A10,1,128,1804
H800,8,192,1805
GPU-series-1,1,192,1806
A10,1,128,1807
A10,1,128,1808
A10,1,128,1809
A10,1,128,1810
A10,1,128,1811
A10,1,128,1812
A100-SXM4-80GB,8,128,1813
A10,1,128,1814
A10,1,128,1815
A10,1,128,1816
GPU-series-1,1,192,1817
GPU-series-1,1,192,1818
A10,1,128,1819
A10,1,128,1820
A10,1,128,1821
A10,1,128,1822
A10,1,128,1823
A10,1,128,1824
A10,1,128,1825
A10,1,128,1826
A10,1,128,1827
A800-SXM4-80GB,8,128,1828
A10,1,128,1829
H800,8,192,1830
A10,1,128,1831
GPU-series-1,1,192,1832
A10,1,128,1833
A10,1,128,1834
GPU-series-1,1,192,1835
A100-SXM4-80GB,8,128,1836
A100-SXM4-80GB,8,128,1837
A10,1,128,1838
A10,1,128,1839
GPU-series-1,1,192,1840
A10,1,128,1841
A10,1,128,1842
H800,8,192,1843
GPU-series-1,1,192,1844
A10,1,128,1845
A10,1,128,1846
GPU-series-1,1,192,1847
GPU-series-1,1,192,1848
GPU-series-1,1,192,1849
GPU-series-1,1,192,1850
A10,1,128,1851
GPU-series-1,1,192,1852
GPU-series-1,1,192,1853
A10,1,128,1854
A100-SXM4-80GB,8,128,1855
A100-SXM4-80GB,8,128,1856
A10,1,128,1857
A10,1,128,1858
A100-SXM4-80GB,8,128,1859
GPU-series-1,1,192,1860
A800-SXM4-80GB,8,128,1861
A10,1,128,1863
A10,1,128,1864
A10,1,128,1865
A10,1,128,1866
GPU-series-1,1,192,1867
A10,1,128,1868
A100-SXM4-80GB,8,128,1869
GPU-series-1,8,192,1870
A100-SXM4-80GB,8,128,1871
A10,1,128,1872
A100-SXM4-80GB,8,128,1873
GPU-series-1,1,192,1874
GPU-series-1,1,192,1875
A100-SXM4-80GB,8,128,1876
GPU-series-1,1,192,1877
A10,1,128,1878
A100-SXM4-80GB,8,128,1879
H800,8,192,1880
A10,1,128,1881
A10,1,128,1882
A10,1,128,1883
A100-SXM4-80GB,8,128,1884
GPU-series-1,1,192,1886
A10,1,128,1887
A100-SXM4-80GB,8,128,1888
A10,1,128,1889
A10,1,128,1890
A10,1,128,1891
GPU-series-1,1,192,1892
GPU-series-2,8,192,1893
A10,1,128,1894
A10,1,128,1895
A10,1,128,1896
A10,1,128,1897
A100-SXM4-80GB,8,128,1898
A10,1,128,1899
A10,1,128,1900
A10,1,128,1901
A10,1,128,1902
A100-SXM4-80GB,8,128,1903
GPU-series-1,1,192,1904
A10,1,128,1905
A100-SXM4-80GB,8,128,1906
A10,1,128,1907
A100-SXM4-80GB,8,128,1908
GPU-series-1,1,192,1909
GPU-series-1,1,192,1910
A100-SXM4-80GB,8,128,1911
GPU-series-1,1,192,1914
GPU-series-1,1,192,1915
H800,8,192,1916
A10,1,128,1917
A10,1,128,1918
A100-SXM4-80GB,8,128,1919
A10,1,128,1920
A10,1,128,1921
H800,8,192,1922
A10,1,128,1923
A10,1,128,1924
GPU-series-1,1,192,1926
A10,1,128,1927
GPU-series-1,1,192,1928
A10,1,128,1929
A10,1,128,1930
A10,1,128,1931
A10,1,128,1932
A10,1,128,1933
A10,1,128,1934
A10,1,128,1935
H800,8,192,1936
A10,1,128,1937
A10,1,128,1938
GPU-series-2,8,192,1939
A10,1,128,1940
A10,1,128,1941
GPU-series-1,8,192,1942
A10,1,128,1943
GPU-series-1,1,192,1944
GPU-series-1,1,192,1945
A10,1,128,1946
H800,8,192,1947
A100-SXM4-80GB,8,128,1948
A10,1,128,1949
A10,1,128,1950
H800,8,192,1951
A10,1,128,1952
H800,8,192,1953
A10,1,128,1954
A10,1,128,1955
H800,8,192,1956
GPU-series-1,1,192,1957
A10,1,128,1958
A100-SXM4-80GB,8,128,1959
A10,1,128,1960
A10,1,128,1961
H800,8,192,1962
A10,1,128,1963
A10,1,128,1964
A10,1,128,1965
GPU-series-1,1,192,1966
A10,1,128,1967
A10,1,128,1968
A100-SXM4-80GB,8,128,1969
A10,1,128,1970
A10,1,128,1971
A10,1,128,1972
A100-SXM4-80GB,8,128,1973
A10,1,128,1974
GPU-series-1,1,192,1975
GPU-series-1,1,192,1976
A10,1,128,1977
GPU-series-1,1,192,1978
H800,8,192,1979
GPU-series-1,1,192,1980
A10,1,128,1981
GPU-series-1,1,192,1982
A10,1,128,1983
GPU-series-1,1,192,1985
A10,1,128,1986
GPU-series-1,8,192,1987
H800,8,192,1988
A10,1,128,1989
A100-SXM4-80GB,8,128,1990
GPU-series-1,1,192,1991
A10,1,128,1992
A10,1,128,1993
GPU-series-1,1,192,1994
GPU-series-1,8,192,1995
GPU-series-1,1,192,1996
A10,1,128,1997
GPU-series-1,1,192,1998
A10,1,128,1999
A10,1,128,2000
A100-SXM4-80GB,8,128,2001
GPU-series-1,1,192,2002
A100-SXM4-80GB,8,128,2003
GPU-series-1,1,192,2004
GPU-series-1,1,192,2005
A10,1,128,2006
A10,1,128,2007
GPU-series-1,1,192,2008
GPU-series-1,1,192,2009
A10,1,128,2010
A10,1,128,2011
A10,1,128,2012
GPU-series-1,1,192,2013
A10,1,128,2014
GPU-series-1,1,192,2015
A10,1,128,2016
A10,1,128,2017
A10,1,128,2018
A10,1,128,2019
A10,1,128,2020
GPU-series-1,1,192,2021
A10,1,128,2022
A100-SXM4-80GB,8,128,2023
GPU-series-1,1,192,2024
GPU-series-2,8,192,2025
A10,1,128,2026
A10,1,128,2027
GPU-series-1,1,192,2028
A10,1,128,2029
A100-SXM4-80GB,8,128,2030
A10,1,128,2031
A10,1,128,2032
GPU-series-1,1,192,2033
A10,1,128,2034
A10,1,128,2035
GPU-series-1,1,192,2036
A10,1,128,2037
A100-SXM4-80GB,8,128,2038
H800,8,192,2039
A10,1,128,2040
A10,1,128,2041
A10,1,128,2042
A10,1,128,2043
A10,1,128,2044
A10,1,128,2045
A10,1,128,2046
A10,1,128,2047
GPU-series-1,8,192,2048
A10,1,128,2049
GPU-series-1,1,192,2050
A10,1,128,2051
A10,1,128,2052
A10,1,128,2053
GPU-series-2,8,192,2054
GPU-series-1,1,192,2055
A10,1,128,2056
GPU-series-1,1,192,2057
GPU-series-1,8,192,2058
GPU-series-1,1,192,2059
A100-SXM4-80GB,8,128,2060
A10,1,128,2061
A10,1,128,2062
GPU-series-1,1,192,2063
A10,1,128,2064
GPU-series-1,1,192,2065
A10,1,128,2066
A10,1,128,2067
A10,1,128,2068
A10,1,128,2069
A10,1,128,2070
H800,8,192,2071
A10,1,128,2072
GPU-series-1,1,192,2073
GPU-series-1,1,192,2074
GPU-series-1,1,192,2075
A10,1,128,2076
A10,1,128,2077
A10,1,128,2078
A10,1,128,2079
A10,1,128,2080
A10,1,128,2081
A100-SXM4-80GB,8,128,2082
A10,1,128,2083
A10,1,128,2084
GPU-series-1,1,192,2085
GPU-series-1,1,192,2086
GPU-series-1,1,192,2087
A10,1,128,2088
GPU-series-1,1,192,2089
A10,1,128,2090
A10,1,128,2091
A100-SXM4-80GB,8,128,2092
H800,8,192,2093
GPU-series-1,1,192,2094
A10,1,128,2095
A10,1,128,2096
A10,1,128,2097
A10,1,128,2098
A10,1,128,2099
GPU-series-1,1,192,2100
A10,1,128,2101
A10,1,128,2102
GPU-series-1,1,192,2103
GPU-series-1,1,192,2104
A10,1,128,2105
A10,1,128,2106
A10,1,128,2107
A10,1,128,2108
A10,1,128,2109
A100-SXM4-80GB,8,128,2110
A10,1,128,2111
A10,1,128,2112
A10,1,128,2113
A10,1,128,2115
GPU-series-1,1,192,2116
A10,1,128,2117
H800,8,192,2118
A100-SXM4-80GB,8,128,2119
A10,1,128,2120
GPU-series-1,1,192,2121
A10,1,128,2122
A100-SXM4-80GB,8,128,2123
A10,1,128,2124
A10,1,128,2125
A10,1,128,2126
GPU-series-1,8,192,2127
GPU-series-2,8,192,2128
A100-SXM4-80GB,8,128,2129
A100-SXM4-80GB,8,128,2130
GPU-series-1,1,192,2131
A10,1,128,2132
A10,1,128,2133
GPU-series-1,1,192,2134
A10,1,128,2135
A10,1,128,2136
A10,1,128,2137
A10,1,128,2138
GPU-series-1,1,192,2139
GPU-series-1,1,192,2140
A10,1,126,2141
A100-SXM4-80GB,8,128,2142
A100-SXM4-80GB,8,128,2143
A10,1,128,2144
A10,1,128,2145
GPU-series-1,1,192,2146
A10,1,128,2147
GPU-series-1,1,192,2148
A10,1,128,2149
A10,1,128,2150
H800,8,192,2151
A10,1,128,2152
A10,1,128,2153
A10,1,128,2154
A10,1,128,2155
GPU-series-2,8,192,2156
A10,1,128,2157
A10,1,128,2158
A10,1,128,2160
GPU-series-1,1,192,2161
GPU-series-1,1,192,2162
A10,1,128,2163
A10,1,128,2164
A10,1,128,2165
GPU-series-1,1,192,2166
A10,1,128,2167
H800,8,192,2168
A10,1,128,2169
GPU-series-1,1,192,2170
A10,1,128,2171
A10,1,128,2172
A100-SXM4-80GB,8,128,2173
A10,1,128,2174
A800-SXM4-80GB,8,128,2175
A10,1,128,2176
A10,1,128,2177
A10,1,128,2178
A10,1,128,2179
A10,1,128,2180
A10,1,128,2181
A10,1,128,2182
A10,1,128,2183
A10,1,128,2184
GPU-series-1,8,192,2185
GPU-series-1,1,192,2186
GPU-series-2,8,192,2188
A10,1,128,2189
GPU-series-1,1,192,2190
GPU-series-1,1,192,2191
A10,1,128,2192
A10,1,128,2193
A10,1,128,2194
A10,1,128,2195
A10,1,128,2196
A10,1,128,2197
A100-SXM4-80GB,8,128,2198
GPU-series-1,1,192,2199
A10,1,128,2200
A100-SXM4-80GB,8,128,2201
GPU-series-1,1,192,2202
A10,1,128,2203
GPU-series-1,1,192,2204
A10,1,128,2205
GPU-series-2,8,192,2206
GPU-series-1,1,192,2207
A10,1,128,2208
A10,1,128,2209
A10,1,128,2210
GPU-series-1,1,192,2211
GPU-series-1,1,192,2212
A100-SXM4-80GB,8,128,2213
A10,1,128,2214
A100-SXM4-80GB,8,128,2215
GPU-series-1,1,192,2216
A10,1,128,2217
A10,1,128,2218
A10,1,128,2219
A800-SXM4-80GB,8,128,2220
A10,1,128,2221
A10,1,128,2222
A10,1,128,2223
GPU-series-1,1,192,2224
A100-SXM4-80GB,8,128,2225
GPU-series-1,1,192,2226
A10,1,128,2227
A10,1,128,2228
A10,1,128,2229
H800,8,192,2230
A100-SXM4-80GB,8,128,2231
H800,8,192,2232
A10,1,128,2233
A10,1,128,2234
A10,1,128,2235
A10,1,128,2236
A10,1,128,2237
A10,1,128,2238
A10,1,128,2239
A10,1,128,2240
A10,1,128,2242
GPU-series-1,1,192,2243
A10,1,128,2244
A10,1,128,2245
A10,1,128,2246
A10,1,128,2247
A10,1,128,2248
A100-SXM4-80GB,8,128,2249
A10,1,128,2250
A10,1,128,2251
A100-SXM4-80GB,8,128,2252
GPU-series-1,1,192,2253
A10,1,128,2254
A100-SXM4-80GB,8,128,2255
H800,8,192,2256
GPU-series-1,1,192,2257
A10,1,128,2258
A10,1,128,2259
A10,1,128,2260
GPU-series-1,1,192,2261
A10,1,128,2262
A10,1,128,2263
H800,8,192,2264
A10,1,128,2265
GPU-series-1,1,192,2266
A100-SXM4-80GB,8,128,2267
A10,1,128,2268
GPU-series-2,8,192,2269
A10,1,128,2270
A10,1,128,2271
A10,1,128,2272
A10,1,128,2273
A10,1,128,2274
A10,1,128,2275
GPU-series-1,1,192,2276
A10,1,128,2277
GPU-series-1,1,192,2278
GPU-series-1,1,192,2279
A10,1,128,2280
GPU-series-1,1,192,2281
A10,1,128,2282
A10,1,128,2283
A10,1,128,2284
A10,1,128,2285
A100-SXM4-80GB,8,128,2286
A10,1,128,2287
A10,1,128,2288
A10,1,128,2289
H800,8,192,2290
A10,1,128,2291
A10,1,128,2292
GPU-series-1,1,192,2293
A10,1,128,2294
A100-SXM4-80GB,8,128,2295
A10,1,128,2296
A10,1,128,2297
A10,1,128,2298
A10,1,128,2299
A10,1,128,2300
A100-SXM4-80GB,8,128,2301
A10,1,128,2302
A10,1,128,2303
GPU-series-1,1,192,2304
A10,1,128,2305
A100-SXM4-80GB,8,128,2306
A100-SXM4-80GB,8,128,2307
A10,1,128,2308
A10,1,128,2309
GPU-series-1,1,192,2310
GPU-series-1,1,192,2311
A10,1,128,2312
A10,1,128,2313
A10,1,128,2314
A10,1,128,2315
A10,1,128,2316
GPU-series-1,1,192,2317
A10,1,128,2318
A10,1,128,2319
H800,8,192,2320
A10,1,128,2321
A10,1,128,2322
A100-SXM4-80GB,8,128,2323
GPU-series-1,1,192,2324
A10,1,128,2325
A800-SXM4-80GB,8,128,2326
A10,1,128,2327
A100-SXM4-80GB,8,128,2328
A10,1,128,2329
GPU-series-1,1,192,2330
A10,1,128,2331
A10,1,128,2332
A10,1,128,2333
A10,1,128,2334
H800,8,192,2335
GPU-series-1,1,192,2336
A10,1,128,2337
A10,1,128,2338
A10,1,128,2339
A10,1,128,2340
GPU-series-1,8,192,2341
A10,1,128,2342
A10,1,128,2343
GPU-series-1,1,192,2344
A10,1,128,2345
A10,1,128,2346
A10,1,128,2347
A10,1,128,2348
A10,1,128,2349
A10,1,128,2350
GPU-series-1,1,192,2351
GPU-series-1,8,192,2352
GPU-series-1,1,192,2353
GPU-series-1,1,192,2354
A10,1,128,2355
A100-SXM4-80GB,8,128,2356
A100-SXM4-80GB,8,128,2357
A10,1,128,2358
A10,1,128,2359
A10,1,128,2360
A10,1,128,2361
GPU-series-1,1,192,2362
A10,1,128,2363
GPU-series-1,1,192,2364
GPU-series-1,1,192,2365
A10,1,128,2366
A100-SXM4-80GB,8,128,2367
GPU-series-1,1,192,2368
A10,1,128,2369
A10,1,128,2370
A10,1,128,2371
A10,1,128,2372
A100-SXM4-80GB,8,128,2373
A100-SXM4-80GB,8,128,2374
GPU-series-1,1,192,2375
A10,1,128,2376
A10,1,128,2377
GPU-series-1,1,192,2378
A10,1,128,2379
GPU-series-1,1,192,2380
A100-SXM4-80GB,8,128,2381
A10,1,128,2382
A10,1,128,2383
A10,1,128,2384
GPU-series-2,8,192,2385
A100-SXM4-80GB,8,128,2386
A10,1,128,2387
A100-SXM4-80GB,8,128,2388
GPU-series-1,1,192,2389
A100-SXM4-80GB,8,128,2390
GPU-series-1,1,192,2391
A10,1,128,2392
GPU-series-1,1,192,2393
GPU-series-1,1,192,2394
A10,1,128,2395
H800,8,192,2396
GPU-series-1,1,192,2397
A10,1,128,2398
GPU-series-1,1,192,2399
A100-SXM4-80GB,8,128,2400
GPU-series-1,1,192,2401
A10,1,128,2402
A10,1,128,2403
A10,1,128,2404
H800,8,192,2405
A10,1,128,2406
A10,1,128,2407
A10,1,128,2408
A10,1,128,2409
A100-SXM4-80GB,8,128,2410
A10,1,128,2411
A10,1,128,2412
GPU-series-1,1,192,2413
A10,1,128,2414
A10,1,128,2415
A10,1,128,2416
GPU-series-1,1,192,2417
A10,1,128,2418
GPU-series-1,1,192,2419
A10,1,128,2420
GPU-series-1,8,192,2421
A10,1,128,2422
A10,1,128,2423
A10,1,128,2424
A10,1,128,2425
A10,1,128,2426
A10,1,128,2427
A10,1,128,2428
A10,1,128,2429
GPU-series-1,1,192,2430
GPU-series-1,1,192,2431
A10,1,128,2432
A10,1,128,2433
GPU-series-1,1,192,2434
A10,1,128,2435
A10,1,128,2436
A100-SXM4-80GB,8,128,2437
A10,1,128,2438
GPU-series-1,1,192,2439
A10,1,128,2440
H800,8,192,2441
A10,1,128,2442
A10,1,128,2443
A10,1,128,2444
GPU-series-1,1,192,2445
GPU-series-1,1,192,2446
GPU-series-2,8,192,2447
A10,1,128,2448
A10,1,128,2449
A10,1,128,2450
H800,8,192,2451
A10,1,128,2452
GPU-series-1,1,192,2453
A10,1,128,2454
GPU-series-1,1,192,2455
GPU-series-1,1,192,2456
GPU-series-1,1,192,2457
A10,1,128,2458
A10,1,128,2459
A100-SXM4-80GB,8,128,2460
A10,1,128,2461
GPU-series-2,8,192,2462
A100-SXM4-80GB,8,128,2463
GPU-series-1,1,192,2464
A10,1,128,2465
A10,1,128,2466
A10,1,128,2467
A10,1,128,2468
A10,1,128,2469
A10,1,128,2470
GPU-series-1,1,192,2471
A10,1,128,2472
GPU-series-1,1,192,2473
H800,8,192,2474
GPU-series-1,1,192,2475
A10,1,128,2476
A10,1,128,2477
GPU-series-1,1,192,2478
A10,1,128,2479
GPU-series-1,1,192,2480
A10,1,128,2481
A10,1,128,2482
A10,1,128,2483
A100-SXM4-80GB,8,128,2484
H800,8,192,2485
GPU-series-1,1,192,2486
A10,1,128,2487
A10,1,128,2488
A100-SXM4-80GB,8,128,2489
H800,8,192,2490
GPU-series-1,8,192,2491
GPU-series-1,1,192,2492
A10,1,128,2493
A10,1,128,2494
GPU-series-1,1,192,2495
A10,1,128,2496
A10,1,128,2497
A10,1,128,2498
A10,1,128,2499
A800-SXM4-80GB,8,128,2500
A10,1,128,2501
GPU-series-1,1,192,2502
A10,1,128,2503
A10,1,128,2504
A100-SXM4-80GB,8,128,2505
GPU-series-1,1,192,2506
A10,1,128,2507
A10,1,128,2508
GPU-series-1,1,192,2509
A10,1,128,2511
A100-SXM4-80GB,8,128,2512
H800,8,192,2513
A10,1,128,2514
GPU-series-1,1,192,2515
A10,1,128,2516
A10,1,128,2517
GPU-series-1,1,192,2518
A10,1,128,2519
GPU-series-2,8,192,2520
A10,1,128,2522
A10,1,128,2523
GPU-series-2,8,192,2524
A10,1,128,2525
GPU-series-1,1,192,2526
A10,1,128,2527
GPU-series-1,1,192,2528
A10,1,128,2529
A10,1,128,2530
A10,1,128,2531
GPU-series-1,1,192,2532
A10,1,128,2533
GPU-series-1,1,192,2534
A10,1,128,2535
GPU-series-1,1,192,2536
GPU-series-1,1,192,2537
A10,1,128,2538
GPU-series-2,8,192,2539
A10,1,128,2540
A100-SXM4-80GB,8,128,2541
GPU-series-1,1,192,2542
GPU-series-1,1,192,2543
A10,1,128,2544
H800,8,192,2545
GPU-series-2,8,192,2546
GPU-series-1,8,192,2547
A10,1,128,2548
A10,1,128,2549
A10,1,128,2550
H800,8,192,2551
A100-SXM4-80GB,8,128,2552
A10,1,128,2553
A10,1,128,2555
A100-SXM4-80GB,8,128,2556
A10,1,128,2557
GPU-series-1,1,192,2558
A10,1,128,2559
A10,1,128,2560
A10,1,128,2561
A10,1,128,2562
A10,1,128,2563
GPU-series-1,4,192,2564
GPU-series-1,1,192,2565
H800,8,192,2566
GPU-series-1,1,192,2567
A10,1,128,2568
GPU-series-1,8,192,2569
A10,1,128,2570
GPU-series-1,1,192,2571
A10,1,128,2572
A10,1,128,2573
A10,1,128,2574
A10,1,128,2575
A10,1,128,2576
GPU-series-1,1,192,2577
GPU-series-1,1,192,2578
A10,1,128,2579
A10,1,128,2580
A10,1,128,2581
A100-SXM4-80GB,8,128,2582
A100-SXM4-80GB,8,128,2583
A10,1,128,2584
A10,1,128,2585
A10,1,128,2586
A10,1,128,2587
A10,1,128,2588
A10,1,128,2589
A100-SXM4-80GB,8,128,2590
A100-SXM4-80GB,8,128,2591
A800-SXM4-80GB,8,128,2592
GPU-series-1,1,192,2593
A100-SXM4-80GB,8,128,2594
A10,1,128,2595
GPU-series-1,1,192,2596
A10,1,128,2597
A100-SXM4-80GB,8,128,2598
A100-SXM4-80GB,8,128,2599
A10,1,128,2600
H800,8,192,2601
A100-SXM4-80GB,8,128,2602
A10,1,128,2603
GPU-series-2,8,192,2604
A10,1,128,2605
A100-SXM4-80GB,8,128,2606
GPU-series-1,1,192,2607
A10,1,128,2608
A10,1,128,2609
A10,1,128,2610
A10,1,128,2611
GPU-series-1,1,192,2612
A10,1,128,2613
A10,1,128,2614
A10,1,128,2615
A10,1,128,2616
A100-SXM4-80GB,8,128,2617
GPU-series-2,8,192,2618
A10,1,128,2619
A10,1,128,2620
A10,1,128,2621
A10,1,128,2622
A100-SXM4-80GB,8,128,2623
A10,1,128,2624
GPU-series-1,1,192,2625
A10,1,128,2626
A10,1,128,2627
GPU-series-1,1,192,2628
A10,1,128,2629
A10,1,128,2630
A10,1,128,2631
GPU-series-1,1,192,2632
A10,1,128,2633
A10,1,128,2634
A10,1,128,2635
H800,8,192,2636
GPU-series-1,1,192,2637
A10,1,128,2638
A10,1,128,2639
A10,1,128,2640
GPU-series-2,8,192,2641
A10,1,128,2642
A10,1,128,2643
A10,1,128,2644
GPU-series-1,1,192,2645
A10,1,128,2646
GPU-series-1,1,192,2647
GPU-series-1,1,192,2648
GPU-series-1,1,192,2649
GPU-series-1,1,192,2650
A10,1,128,2651
A10,1,128,2652
GPU-series-1,1,192,2654
A10,1,128,2655
A10,1,128,2656
A10,1,128,2657
A10,1,128,2658
A10,1,128,2659
A10,1,128,2660
A10,1,128,2661
A10,1,128,2662
GPU-series-2,8,192,2663
A10,1,128,2664
A100-SXM4-80GB,8,128,2665
GPU-series-1,1,192,2666
A10,1,128,2667
A10,1,128,2668
GPU-series-1,1,192,2669
A10,1,128,2670
A100-SXM4-80GB,8,128,2671
GPU-series-1,1,192,2672
GPU-series-1,1,192,2673
A10,1,128,2674
A100-SXM4-80GB,8,128,2675
A10,1,128,2676
A10,1,128,2677
GPU-series-1,1,192,2678
A10,1,128,2679
A10,1,128,2680
A10,1,128,2681
GPU-series-1,1,192,2682
A100-SXM4-80GB,8,128,2683
GPU-series-1,1,192,2684
GPU-series-1,1,192,2685
A10,1,128,2686
A100-SXM4-80GB,8,128,2687
A10,1,128,2688
A10,1,128,2689
A10,1,128,2690
A100-SXM4-80GB,8,128,2691
A10,1,128,2692
A100-SXM4-80GB,8,128,2693
A10,1,128,2694
A100-SXM4-80GB,8,128,2695
A10,1,128,2696
GPU-series-1,1,192,2697
A10,1,128,2698
A10,1,128,2699
A10,1,128,2700
A10,1,128,2701
A10,1,128,2702
A100-SXM4-80GB,8,128,2703
A10,1,128,2704
A10,1,128,2705
GPU-series-1,1,192,2706
A10,1,128,2707
GPU-series-1,8,192,2708
A10,1,128,2709
A10,1,128,2710
GPU-series-1,1,192,2711
GPU-series-1,1,192,2712
A100-SXM4-80GB,8,128,2713
GPU-series-1,1,192,2714
A10,1,128,2715
H800,8,192,2716
GPU-series-1,1,192,2717
A10,1,128,2718
A10,1,128,2719
A10,1,128,2720
A100-SXM4-80GB,8,128,2721
GPU-series-1,1,192,2722
A10,1,128,2723
A10,1,128,2724
GPU-series-1,4,192,2725
A10,1,128,2726
A10,1,128,2727
A100-SXM4-80GB,8,128,2728
GPU-series-1,1,192,2729
A10,1,128,2730
A10,1,128,2732
GPU-series-1,1,192,2733
A10,1,128,2734
A10,1,128,2735
A100-SXM4-80GB,8,128,2736
A10,1,128,2737
A10,1,128,2738
A10,1,128,2739
A10,1,128,2740
A100-SXM4-80GB,8,128,2741
A10,1,128,2742
GPU-series-1,1,192,2743
A10,1,128,2744
A10,1,128,2745
A10,1,128,2746
GPU-series-1,1,192,2747
A100-SXM4-80GB,8,128,2748
GPU-series-1,1,192,2749
A10,1,128,2750
GPU-series-1,1,192,2751
GPU-series-1,1,192,2752
GPU-series-2,8,192,2753
A10,1,128,2754
A10,1,128,2755
H800,8,192,2756
A10,1,128,2757
A10,1,128,2758
A10,1,128,2759
A10,1,128,2760
A10,1,128,2761
GPU-series-1,1,192,2762
A10,1,128,2763
GPU-series-1,1,192,2764
GPU-series-1,1,192,2765
A10,1,128,2766
A10,1,128,2767
A100-SXM4-80GB,8,128,2768
A10,1,128,2769
A10,1,128,2770
A10,1,128,2771
H800,8,192,2772
A10,1,128,2773
A10,1,128,2774
A10,1,128,2775
A10,1,128,2776
A100-SXM4-80GB,8,128,2777
GPU-series-1,1,192,2778
GPU-series-1,1,192,2779
A10,1,128,2780
H800,8,192,2781
A10,1,128,2782
GPU-series-1,1,192,2783
GPU-series-1,4,192,2784
A10,1,128,2785
GPU-series-1,1,192,2786
A100-SXM4-80GB,8,128,2787
GPU-series-1,1,192,2788
H800,8,192,2789
A10,1,128,2790
A10,1,128,2791
A10,1,128,2792
A10,1,128,2793
A10,1,128,2794
A100-SXM4-80GB,8,128,2795
A10,1,128,2796
A10,1,128,2797
A10,1,128,2798
A10,1,128,2799
A10,1,128,2800
A100-SXM4-80GB,8,128,2801
A10,1,128,2802
A100-SXM4-80GB,8,128,2803
A10,1,128,2804
A10,1,128,2805
A10,1,128,2806
GPU-series-1,1,192,2807
A10,1,128,2808
A10,1,128,2809
A100-SXM4-80GB,8,128,2810
A100-SXM4-80GB,8,128,2811
A10,1,128,2812
GPU-series-1,1,192,2813
A10,1,128,2814
A10,1,128,2815
A10,1,128,2816
A100-SXM4-80GB,8,128,2817
A10,1,128,2818
H800,8,192,2819
A10,1,128,2820
A100-SXM4-80GB,8,128,2821
GPU-series-1,1,192,2822
GPU-series-1,1,192,2823
A10,1,128,2824
A10,1,128,2825
A10,1,128,2826
GPU-series-1,8,192,2827
A10,1,128,2828
A10,1,128,2829
A10,1,128,2830
A10,1,128,2831
A10,1,128,2832
A800-SXM4-80GB,8,128,2833
GPU-series-1,1,192,2834
A100-SXM4-80GB,8,128,2835
GPU-series-1,8,192,2836
A10,1,128,2837
A10,1,128,2838
A10,1,128,2839
H800,8,192,2840
A10,1,128,2841
A10,1,128,2843
GPU-series-1,1,192,2844
H800,8,192,2845
A10,1,128,2846
A10,1,128,2847
A100-SXM4-80GB,8,128,2848
A10,1,128,2849
A10,1,128,2850
A10,1,128,2851
A10,1,128,2852
H800,8,192,2853
A10,1,128,2854
GPU-series-1,1,192,2855
A10,1,128,2856
A10,1,128,2857
A10,1,128,2858
GPU-series-1,1,192,2859
A10,1,128,2860
GPU-series-1,1,192,2861
GPU-series-2,8,192,2862
A10,1,128,2863
H800,8,192,2864
A10,1,128,2865
GPU-series-1,1,192,2866
A10,1,128,2867
A10,1,128,2868
GPU-series-1,1,192,2869
A10,1,128,2870
A100-SXM4-80GB,8,128,2871
GPU-series-1,1,192,2872
A100-SXM4-80GB,8,128,2873
A800-SXM4-80GB,8,128,2874
GPU-series-1,8,192,2875
A100-SXM4-80GB,8,128,2876
A10,1,128,2877
GPU-series-1,1,192,2878
A10,1,128,2879
A10,1,128,2880
A10,1,128,2881
A10,1,128,2882
A10,1,128,2883
A10,1,128,2884
A100-SXM4-80GB,8,128,2885
A100-SXM4-80GB,8,128,2886
H800,8,192,2887
A10,1,128,2888
GPU-series-1,1,192,2889
H800,8,192,2890
A10,1,128,2891
GPU-series-1,1,192,2892
H800,8,192,2893
A10,1,128,2894
A10,1,128,2895
GPU-series-2,8,192,2896
A10,1,128,2897
A10,1,128,2898
A100-SXM4-80GB,8,128,2899
H800,8,192,2900
A10,1,128,2901
GPU-series-1,1,192,2902
A100-SXM4-80GB,8,128,2903
A10,1,128,2904
A10,1,128,2905
A100-SXM4-80GB,8,128,2906
A10,1,128,2907
GPU-series-1,1,192,2908
GPU-series-1,1,192,2909
A10,1,128,2910
GPU-series-1,1,192,2911
A100-SXM4-80GB,8,128,2912
A10,1,128,2913
A10,1,128,2914
A10,1,128,2915
A10,1,128,2916
GPU-series-1,1,192,2917
A100-SXM4-80GB,8,128,2918
GPU-series-1,8,192,2919
A10,1,128,2920
A10,1,128,2921
A10,1,128,2923
A10,1,128,2924
A100-SXM4-80GB,8,128,2925
A10,1,128,2926
A10,1,128,2927
A10,1,128,2928
A10,1,128,2929
H800,8,192,2930
A100-SXM4-80GB,8,128,2931
A800-SXM4-80GB,8,128,2932
A100-SXM4-80GB,8,128,2933
A10,1,128,2934
A100-SXM4-80GB,8,128,2935
A10,1,128,2936
GPU-series-2,8,192,2937
GPU-series-1,1,192,2938
GPU-series-1,8,192,2939
A10,1,128,2940
A10,1,128,2941
GPU-series-1,1,192,2942
GPU-series-1,1,192,2943
A10,1,128,2944
GPU-series-1,8,192,2945
A10,1,128,2946
A10,1,128,2947
GPU-series-2,8,192,2948
GPU-series-1,1,192,2949
A10,1,128,2950
A10,1,128,2951
A10,1,128,2952
A10,1,128,2953
GPU-series-2,8,192,2954
A100-SXM4-80GB,8,128,2955
A10,1,128,2956
A10,1,128,2957
A10,1,128,2958
A10,1,128,2959
A10,1,128,2960
A10,1,128,2961
A10,1,128,2962
A10,1,128,2963
A10,1,128,2964
GPU-series-1,1,192,2965
GPU-series-1,1,192,2966
A10,1,128,2967
GPU-series-1,1,192,2968
GPU-series-1,1,192,2969
H800,8,192,2970
A10,1,128,2971
A10,1,128,2972
A100-SXM4-80GB,8,128,2973
A100-SXM4-80GB,8,128,2974
GPU-series-1,1,192,2975
A10,1,128,2976
GPU-series-1,1,192,2977
A10,1,128,2978
A10,1,128,2979
A100-SXM4-80GB,8,128,2980
H800,8,192,2981
H800,8,192,2982
A10,1,128,2983
A10,1,128,2984
GPU-series-1,1,192,2985
A10,1,128,2986
A100-SXM4-80GB,8,128,2987
H800,8,192,2988
A100-SXM4-80GB,8,128,2989
A800-SXM4-80GB,8,128,2990
A10,1,128,2991
A10,1,128,2992
GPU-series-2,8,192,2993
A100-SXM4-80GB,8,128,2994
GPU-series-1,1,192,2995
GPU-series-1,1,192,2996
GPU-series-1,1,192,2997
GPU-series-1,1,192,2998
GPU-series-1,1,192,2999
A10,1,128,3000
A10,1,128,3001
A100-SXM4-80GB,8,128,3002
A10,1,128,3003
A10,1,128,3004
GPU-series-1,1,192,3005
A10,1,128,3006
A10,1,128,3007
H800,8,192,3008
GPU-series-1,1,192,3009
A10,1,128,3010
A10,1,128,3011
A10,1,128,3012
A100-SXM4-80GB,8,128,3013
GPU-series-1,1,192,3014
A10,1,128,3015
A10,1,128,3016
GPU-series-1,1,192,3017
A100-SXM4-80GB,8,128,3018
A10,1,128,3019
H800,8,192,3020
A10,1,128,3021
GPU-series-1,8,192,3022
A10,1,128,3023
A10,1,128,3024
A10,1,128,3025
A10,1,128,3026
GPU-series-1,1,192,3027
GPU-series-2,8,192,3028
A10,1,128,3029
A100-SXM4-80GB,8,128,3030
A10,1,128,3031
A10,1,128,3032
A10,1,128,3033
A10,1,128,3034
GPU-series-1,1,192,3035
H800,8,192,3036
A10,1,128,3037
A10,1,128,3038
H800,8,192,3039
GPU-series-1,4,192,3040
A10,1,128,3041
A100-SXM4-80GB,8,128,3042
GPU-series-1,1,192,3043
A10,1,128,3044
A100-SXM4-80GB,8,128,3045
A10,1,128,3046
A10,1,128,3047
A100-SXM4-80GB,8,128,3048
GPU-series-1,1,192,3049
A10,1,128,3050
A100-SXM4-80GB,8,128,3051
GPU-series-1,1,192,3052
A10,1,128,3053
A10,1,128,3054
A10,1,128,3055
A10,1,128,3056
A10,1,128,3057
A10,1,128,3058
A10,1,128,3059
A10,1,128,3060
A10,1,128,3061
A10,1,128,3062
GPU-series-1,1,192,3063
A10,1,128,3064
A10,1,128,3065
GPU-series-1,1,192,3066
A10,1,128,3067
GPU-series-1,1,192,3068
A10,1,128,3069
A100-SXM4-80GB,8,128,3070
A100-SXM4-80GB,8,128,3071
GPU-series-1,1,192,3072
GPU-series-2,8,192,3073
GPU-series-1,1,192,3074
A10,1,128,3075
A10,1,128,3076
A100-SXM4-80GB,8,128,3077
A10,1,128,3078
A10,1,128,3079
GPU-series-1,1,192,3080
H800,8,192,3081
A10,1,128,3082
A10,1,128,3083
GPU-series-2,8,192,3084
A10,1,128,3085
A10,1,128,3086
A10,1,128,3087
GPU-series-1,1,192,3088
A10,1,128,3089
A10,1,128,3090
GPU-series-1,4,192,3091
H800,8,192,3092
A10,1,128,3093
A10,1,128,3094
A100-SXM4-80GB,8,128,3095
GPU-series-1,1,192,3096
A10,1,128,3097
A10,1,128,3098
A10,1,128,3099
A100-SXM4-80GB,8,128,3100
A10,1,128,3101
A10,1,128,3102
GPU-series-1,1,192,3103
A10,1,128,3104
A10,1,128,3105
A10,1,128,3106
A10,1,128,3107
H800,8,192,3108
A10,1,128,3109
GPU-series-1,1,192,3110
H800,8,192,3111
A10,1,128,3112
A10,1,128,3113
A10,1,128,3114
A10,1,128,3116
A10,1,128,3117
GPU-series-1,1,192,3118
A10,1,128,3119
A10,1,128,3120
A10,1,128,3121
GPU-series-1,1,192,3122
A10,1,128,3123
A10,1,128,3124
H800,8,192,3125
A10,1,128,3126
A10,1,128,3127
A10,1,128,3128
A10,1,128,3129
A10,1,128,3130
GPU-series-1,1,192,3131
A10,1,128,3132
A100-SXM4-80GB,8,128,3133
A10,1,128,3134
H800,8,192,3135
A10,1,128,3136
A10,1,128,3137
A10,1,128,3138
A10,1,128,3139
A10,1,128,3140
GPU-series-1,8,192,3141
GPU-series-1,1,192,3142
A10,1,128,3143
A100-SXM4-80GB,8,128,3144
GPU-series-1,8,192,3145
A10,1,128,3146
GPU-series-1,8,192,3147
A10,1,128,3148
A10,1,128,3149
A10,1,128,3150
A10,1,128,3151
A10,1,128,3152
GPU-series-1,1,192,3153
A100-SXM4-80GB,8,128,3154
GPU-series-1,1,192,3155
GPU-series-1,4,192,3156
A10,1,128,3157
A100-SXM4-80GB,8,128,3158
H800,8,192,3159
A10,1,128,3160
GPU-series-2,8,192,3161
A10,1,128,3162
A10,1,128,3163
A10,1,128,3164
A100-SXM4-80GB,8,128,3165
A10,1,128,3166
A100-SXM4-80GB,8,128,3167
H800,8,192,3168
GPU-series-1,1,192,3169
A10,1,128,3170
A10,1,128,3171
GPU-series-1,1,192,3172
A100-SXM4-80GB,8,128,3173
A100-SXM4-80GB,8,128,3174
A10,1,128,3175
GPU-series-1,8,192,3176
A10,1,128,3177
H800,8,192,3178
GPU-series-1,1,192,3179
A10,1,128,3180
GPU-series-1,1,192,3181
GPU-series-1,1,192,3182
GPU-series-1,1,192,3183
A10,1,128,3184
A10,1,128,3185
A100-SXM4-80GB,8,128,3186
A10,1,128,3187
A10,1,128,3188
A10,1,128,3189
GPU-series-1,1,192,3190
A10,1,128,3191
A10,1,128,3192
A10,1,128,3193
GPU-series-1,1,192,3194
A10,1,128,3195
A10,1,128,3196
A10,1,128,3197
A10,1,128,3198
A10,1,128,3199
A10,1,128,3200
GPU-series-2,8,192,3201
A10,1,128,3202
GPU-series-1,1,192,3203
A10,1,128,3204
H800,8,192,3205
A10,1,128,3206
GPU-series-1,1,192,3207
GPU-series-1,1,192,3208
A10,1,128,3209
A100-SXM4-80GB,8,128,3210
A100-SXM4-80GB,8,128,3211
A10,1,128,3212
A10,1,128,3213
GPU-series-1,1,192,3214
GPU-series-1,1,192,3215
GPU-series-1,8,192,3216
GPU-series-1,1,192,3217
GPU-series-1,1,192,3218
A10,1,128,3219
A10,1,128,3220
A100-SXM4-80GB,8,128,3221
GPU-series-1,1,192,3222
A10,1,128,3223
A10,1,128,3224
A10,1,128,3225
A10,1,128,3226
A10,1,128,3227
A10,1,128,3228
A100-SXM4-80GB,8,128,3229
A10,1,128,3230
A10,1,128,3231
A10,1,128,3232
GPU-series-1,1,192,3233
A10,1,128,3234
A10,1,128,3235
GPU-series-1,1,192,3236
GPU-series-1,1,192,3237
GPU-series-2,8,192,3238
GPU-series-1,1,192,3239
H800,8,192,3240
H800,8,192,3241
GPU-series-1,1,192,3242
GPU-series-1,1,192,3243
A10,1,128,3244
GPU-series-1,1,192,3245
A10,1,128,3246
GPU-series-2,8,192,3247
A10,1,128,3248
A10,1,128,3249
A10,1,128,3250
A10,1,128,3251
A10,1,128,3252
A10,1,128,3253
A10,1,128,3254
A100-SXM4-80GB,8,128,3255
A10,1,128,3256
GPU-series-1,1,192,3257
A10,1,128,3258
A100-SXM4-80GB,8,128,3259
A800-SXM4-80GB,8,128,3260
A10,1,128,3261
GPU-series-1,1,192,3262
A100-SXM4-80GB,8,128,3263
A10,1,128,3264
A10,1,128,3265
H800,8,192,3266
GPU-series-1,8,192,3267
GPU-series-1,1,192,3268
A10,1,128,3269
A100-SXM4-80GB,8,128,3270
GPU-series-1,1,192,3271
GPU-series-1,1,192,3272
A10,1,128,3273
A10,1,128,3274
A10,1,128,3275
A10,1,128,3276
A10,1,128,3278
A10,1,128,3279
GPU-series-2,8,192,3280
GPU-series-1,1,192,3281
A10,1,128,3282
H800,8,192,3283
GPU-series-1,1,192,3284
A10,1,128,3285
GPU-series-1,1,192,3286
A10,1,128,3287
A10,1,128,3288
A10,1,128,3289
A10,1,128,3290
GPU-series-1,1,192,3291
A10,1,128,3292
GPU-series-1,1,192,3293
A10,1,128,3294
A10,1,128,3295
A10,1,128,3296
GPU-series-2,8,192,3297
A10,1,128,3298
A10,1,128,3299
A100-SXM4-80GB,8,128,3300
A10,1,128,3301
A10,1,128,3303
GPU-series-1,1,192,3304
A10,1,128,3305
GPU-series-2,8,192,3306
A100-SXM4-80GB,8,128,3307
A100-SXM4-80GB,8,128,3308
A10,1,128,3310
A10,1,128,3311
A10,1,128,3312
A100-SXM4-80GB,8,128,3313
GPU-series-1,1,192,3314
GPU-series-1,1,192,3315
A10,1,128,3316
A10,1,128,3317
A10,1,128,3318
A100-SXM4-80GB,8,128,3319
GPU-series-1,1,192,3320
GPU-series-1,1,192,3321
A10,1,128,3322
A10,1,128,3323
A10,1,128,3324
A10,1,128,3325
GPU-series-2,8,192,3326
GPU-series-1,1,192,3327
GPU-series-1,1,192,3328
A10,1,128,3329
A10,1,128,3330
A10,1,128,3331
A10,1,128,3332
A100-SXM4-80GB,8,128,3333
A10,1,128,3334
A10,1,128,3335
A10,1,128,3336
A10,1,128,3337
A100-SXM4-80GB,8,128,3338
GPU-series-1,1,192,3340
A10,1,128,3341
A10,1,128,3342
A10,1,128,3343
GPU-series-2,8,192,3344
A10,1,128,3345
A10,1,128,3346
A10,1,128,3347
A10,1,128,3348
A10,1,128,3349
A10,1,128,3350
GPU-series-1,8,192,3351
GPU-series-1,1,192,3352
A10,1,128,3353
A10,1,128,3354
A10,1,128,3355
A10,1,128,3356
A10,1,128,3357
GPU-series-1,1,192,3358
A10,1,128,3359
A10,1,128,3360
GPU-series-1,1,192,3361
A10,1,128,3362
GPU-series-1,1,192,3363
A10,1,128,3364
A10,1,128,3365
A10,1,128,3366
A100-SXM4-80GB,8,128,3367
GPU-series-1,1,192,3368
A800-SXM4-80GB,8,128,3369
A10,1,128,3370
GPU-series-1,1,192,3371
A10,1,128,3372
A10,1,128,3373
A10,1,128,3374
A10,1,128,3375
GPU-series-1,1,192,3376
A10,1,128,3377
A10,1,128,3378
A10,1,128,3379
GPU-series-1,1,192,3380
A10,1,128,3381
A100-SXM4-80GB,8,128,3382
GPU-series-1,1,192,3383
A10,1,128,3384
A100-SXM4-80GB,8,128,3385
A10,1,128,3386
H800,8,192,3387
A100-SXM4-80GB,8,128,3388
GPU-series-1,1,192,3389
A10,1,128,3390
A10,1,128,3391
A100-SXM4-80GB,8,128,3392
H800,8,192,3393
A100-SXM4-80GB,8,128,3394
GPU-series-1,1,192,3395
A10,1,128,3396
A10,1,128,3399
A10,1,128,3400
A10,1,128,3401
A10,1,128,3402
A10,1,128,3403
A100-SXM4-80GB,8,128,3404
A10,1,128,3405
A10,1,128,3406
A100-SXM4-80GB,8,128,3407
A10,1,128,3408
GPU-series-1,1,192,3409
A10,1,128,3410
GPU-series-1,1,192,3411
A10,1,128,3412
H800,8,192,3413
A10,1,128,3414
A10,1,128,3415
A10,1,128,3416
A10,1,128,3417
A10,1,128,3418
A10,1,128,3419
A10,1,128,3420
A100-SXM4-80GB,8,128,3421
A100-SXM4-80GB,8,128,3422
A10,1,128,3423
A10,1,128,3424
GPU-series-2,8,192,3425
A10,1,128,3426
GPU-series-1,1,192,3427
A10,1,128,3428
A10,1,128,3429
A10,1,128,3430
A10,1,128,3431
A10,1,128,3432
H800,8,192,3433
A10,1,128,3434
GPU-series-2,8,192,3435
A10,1,128,3436
A10,1,128,3437
A10,1,128,3438
GPU-series-1,1,192,3439
A100-SXM4-80GB,8,128,3440
A10,1,128,3441
A10,1,128,3442
GPU-series-1,1,192,3443
GPU-series-2,8,192,3444
GPU-series-1,1,192,3445
GPU-series-1,1,192,3446
GPU-series-1,1,192,3447
A10,1,128,3448
GPU-series-1,1,192,3450
GPU-series-1,1,192,3451
A10,1,128,3452
A10,1,128,3453
A10,1,128,3454
A100-SXM4-80GB,8,128,3455
A10,1,128,3456
A10,1,128,3457
A10,1,128,3458
A10,1,128,3459
A10,1,128,3460
GPU-series-1,1,192,3461
GPU-series-1,1,192,3462
GPU-series-1,1,192,3463
A10,1,128,3464
A10,1,128,3465
GPU-series-1,1,192,3466
GPU-series-1,1,192,3467
A10,1,128,3468
GPU-series-1,1,192,3469
GPU-series-2,8,192,3470
A10,1,128,3471
GPU-series-1,1,192,3472
A10,1,128,3473
GPU-series-1,1,192,3474
A100-SXM4-80GB,8,128,3475
A10,1,128,3476
GPU-series-1,1,192,3477
A10,1,128,3478
A10,1,128,3479
A10,1,128,3480
A10,1,128,3481
A10,1,128,3482
A10,1,128,3483
A100-SXM4-80GB,8,128,3484
GPU-series-1,1,192,3485
A100-SXM4-80GB,8,128,3486
A10,1,128,3487
A10,1,128,3488
H800,8,192,3489
A100-SXM4-80GB,8,128,3490
A10,1,128,3491
A10,1,128,3492
A10,1,128,3493
GPU-series-2,8,192,3494
A10,1,128,3495
A10,1,128,3496
A10,1,128,3497
A10,1,128,3498
A10,1,128,3499
A100-SXM4-80GB,8,128,3500
A100-SXM4-80GB,8,128,3501
H800,8,192,3502
GPU-series-1,1,192,3503
A100-SXM4-80GB,8,128,3504
GPU-series-1,1,192,3505
A10,1,128,3506
A10,1,128,3507
A10,1,128,3508
A10,1,128,3509
A10,1,128,3510
GPU-series-2,8,192,3511
H800,8,192,3512
A10,1,128,3513
A10,1,128,3514
A10,1,128,3515
A10,1,128,3516
A10,1,128,3517
A10,1,128,3518
A10,1,128,3519
A10,1,128,3521
A10,1,128,3522
A10,1,128,3523
A10,1,128,3524
A10,1,128,3525
A100-SXM4-80GB,8,128,3526
A100-SXM4-80GB,8,128,3527
GPU-series-1,8,192,3528
GPU-series-1,1,192,3529
GPU-series-1,1,192,3530
A10,1,128,3531
A10,1,128,3532
GPU-series-1,1,192,3533
A10,1,128,3534
A10,1,128,3535
GPU-series-1,1,192,3536
A100-SXM4-80GB,8,128,3537
A10,1,128,3538
A100-SXM4-80GB,8,128,3539
GPU-series-1,1,192,3540
A100-SXM4-80GB,8,128,3541
A100-SXM4-80GB,8,128,3542
A10,1,128,3543
H800,8,192,3544
A10,1,128,3545
A100-SXM4-80GB,8,128,3546
GPU-series-1,1,192,3547
A10,1,128,3548
A10,1,128,3549
A10,1,128,3550
A10,1,128,3551
A10,1,128,3552
GPU-series-1,1,192,3553
A10,1,128,3554
A10,1,128,3555
A10,1,128,3556
GPU-series-1,1,192,3557
A100-SXM4-80GB,8,128,3558
GPU-series-1,1,192,3559
A10,1,128,3560
A10,1,128,3561
A10,1,128,3562
A10,1,128,3563
GPU-series-1,4,192,3564
H800,8,192,3565
H800,8,192,3566
GPU-series-1,1,192,3567
GPU-series-2,8,192,3568
A10,1,128,3569
H800,8,192,3570
A10,1,128,3571
A10,1,128,3572
A100-SXM4-80GB,8,128,3573
GPU-series-1,1,192,3574
A10,1,128,3575
GPU-series-1,1,192,3576
A100-SXM4-80GB,8,128,3577
A10,1,128,3578
A10,1,128,3579
A10,1,128,3580
GPU-series-1,1,192,3581
A100-SXM4-80GB,8,128,3582
A10,1,128,3583
GPU-series-1,1,192,3584
A10,1,128,3585
GPU-series-1,1,192,3586
A10,1,128,3587
A10,1,128,3588
A10,1,128,3589
A10,1,128,3590
A100-SXM4-80GB,8,128,3591
GPU-series-1,1,192,3592
A10,1,128,3593
H800,8,192,3594
GPU-series-1,1,192,3595
A10,1,128,3596
A10,1,128,3597
GPU-series-1,1,192,3598
GPU-series-1,1,192,3599
A100-SXM4-80GB,8,128,3600
GPU-series-1,1,192,3601
GPU-series-1,1,192,3602
A100-SXM4-80GB,8,128,3603
GPU-series-1,1,192,3604
GPU-series-2,8,192,3605
A10,1,128,3606
A10,1,128,3607
GPU-series-1,1,192,3608
GPU-series-1,1,192,3609
A10,1,128,3610
A10,1,128,3611
A10,1,128,3612
A10,1,128,3613
GPU-series-1,1,192,3614
H800,8,192,3615
A10,1,128,3616
A10,1,128,3617
A10,1,128,3618
GPU-series-1,1,192,3619
A10,1,128,3620
A10,1,128,3621
A100-SXM4-80GB,8,128,3622
A10,1,128,3623
H800,8,192,3624
GPU-series-1,1,192,3625
A10,1,128,3626
GPU-series-1,1,192,3627
A10,1,128,3628
GPU-series-1,1,192,3629
H800,8,192,3630
A10,1,128,3631
A10,1,128,3632
GPU-series-1,1,192,3633
A100-SXM4-80GB,8,128,3634
A10,1,128,3635
GPU-series-1,1,192,3636
A10,1,128,3637
GPU-series-1,1,192,3638
A10,1,128,3639
A10,1,128,3640
A10,1,128,3641
H800,8,192,3642
A10,1,128,3643
GPU-series-2,8,192,3644
A10,1,128,3645
A10,1,128,3646
A10,1,128,3647
GPU-series-1,1,192,3648
GPU-series-1,1,192,3649
A10,1,128,3650
A10,1,128,3651
A10,1,128,3652
A10,1,128,3653
A10,1,128,3654
GPU-series-1,1,192,3655
GPU-series-1,1,192,3656
A10,1,128,3657
GPU-series-1,1,192,3658
A10,1,128,3659
A10,1,128,3660
A10,1,128,3661
A100-SXM4-80GB,8,128,3662
A10,1,128,3663
A10,1,128,3664
GPU-series-1,1,192,3665
GPU-series-2,8,192,3666
A10,1,128,3667
GPU-series-1,1,192,3668
A10,1,128,3669
A10,1,128,3670
A100-SXM4-80GB,8,128,3671
A800-SXM4-80GB,8,128,3672
A10,1,128,3673
A10,1,128,3674
A10,1,128,3675
A10,1,128,3676
A10,1,128,3677
A10,1,128,3678
GPU-series-1,1,192,3679
A100-SXM4-80GB,8,128,3680
H800,8,192,3681
A10,1,128,3682
A10,1,128,3683
GPU-series-2,8,192,3684
A10,1,128,3685
A10,1,128,3686
A10,1,128,3687
A10,1,128,3688
GPU-series-1,1,192,3690
A10,1,128,3691
A10,1,128,3692
A10,1,128,3693
H800,8,192,3694
H800,8,192,3695
A10,1,128,3696
GPU-series-1,1,192,3697
A10,1,128,3698
A10,1,128,3699
GPU-series-1,1,192,3700
A10,1,128,3701
A10,1,128,3702
A10,1,128,3703
A10,1,128,3704
A10,1,128,3705
GPU-series-2,8,192,3706
A10,1,128,3707
A10,1,128,3708
A10,1,128,3709
A10,1,128,3710
A800-SXM4-80GB,8,128,3711
A10,1,128,3712
A10,1,128,3713
GPU-series-1,1,192,3714
A10,1,128,3715
GPU-series-1,1,192,3716
A10,1,128,3717
A10,1,128,3718
A10,1,128,3719
A10,1,128,3720
GPU-series-1,1,192,3721
A10,1,128,3722
A10,1,128,3723
A10,1,128,3724
A10,1,128,3725
A100-SXM4-80GB,8,128,3726
H800,8,192,3727
A10,1,128,3728
A10,1,128,3729
A100-SXM4-80GB,8,128,3730
GPU-series-1,1,192,3731
A100-SXM4-80GB,8,128,3732
H800,8,192,3733
A10,1,128,3734
A100-SXM4-80GB,8,128,3735
GPU-series-1,1,192,3736
GPU-series-1,1,192,3737
GPU-series-1,1,192,3738
A10,1,128,3739
A10,1,128,3740
A10,1,128,3741
A100-SXM4-80GB,8,128,3742
A10,1,128,3743
A10,1,128,3744
A100-SXM4-80GB,8,128,3745
A10,1,128,3746
A10,1,128,3747
A10,1,128,3748
GPU-series-1,1,192,3749
A10,1,128,3750
A10,1,128,3751
A10,1,128,3752
H800,8,192,3753
A10,1,128,3754
A10,1,128,3755
A10,1,128,3756
A10,1,128,3757
A10,1,128,3758
GPU-series-1,1,192,3759
A10,1,128,3760
A10,1,128,3761
A10,1,128,3762
H800,8,192,3763
H800,8,192,3764
GPU-series-1,1,192,3765
GPU-series-1,1,192,3766
A10,1,128,3767
GPU-series-2,8,192,3768
A100-SXM4-80GB,8,128,3769
A10,1,128,3770
A10,1,128,3771
GPU-series-1,1,192,3772
GPU-series-1,1,192,3773
A10,1,128,3774
GPU-series-1,1,192,3775
A10,1,128,3776
A10,1,128,3777
A10,1,128,3778
GPU-series-1,1,192,3779
A10,1,128,3780
A10,1,128,3781
A10,1,128,3782
A10,1,128,3783
A10,1,128,3784
A10,1,128,3785
GPU-series-2,8,192,3786
A10,1,128,3787
A10,1,128,3788
A100-SXM4-80GB,8,128,3789
A10,1,128,3790
GPU-series-1,1,192,3791
GPU-series-1,1,192,3793
A10,1,128,3794
A10,1,128,3795
GPU-series-1,1,192,3796
A100-SXM4-80GB,8,128,3797
GPU-series-1,8,192,3798
GPU-series-1,1,192,3799
A100-SXM4-80GB,8,128,3800
H800,8,192,3801
A100-SXM4-80GB,8,128,3802
GPU-series-1,1,192,3803
A10,1,128,3804
A100-SXM4-80GB,8,128,3805
GPU-series-2,8,192,3806
A10,1,128,3807
A10,1,128,3808
A10,1,128,3809
A10,1,128,3810
A10,1,128,3811
A100-SXM4-80GB,8,128,3812
H800,8,192,3813
H800,8,192,3814
A100-SXM4-80GB,8,128,3815
GPU-series-1,1,192,3816
A10,1,128,3817
A10,1,128,3818
GPU-series-1,1,192,3819
A10,1,128,3820
A10,1,128,3821
A100-SXM4-80GB,8,128,3822
A10,1,128,3823
A100-SXM4-80GB,8,128,3824
GPU-series-1,1,192,3825
A10,1,128,3826
GPU-series-1,8,192,3827
A10,1,128,3828
A10,1,128,3829
H800,8,192,3830
A10,1,128,3831
GPU-series-1,1,192,3832
A10,1,128,3833
GPU-series-1,1,192,3834
GPU-series-2,8,192,3835
A10,1,128,3836
A10,1,128,3837
GPU-series-1,1,192,3838
A10,1,128,3840
A10,1,128,3841
A10,1,128,3842
A10,1,128,3843
GPU-series-1,1,192,3844
A10,1,128,3845
A10,1,128,3846
GPU-series-1,1,192,3847
GPU-series-1,1,192,3848
A10,1,128,3849
A10,1,128,3850
A10,1,128,3851
H800,8,192,3852
GPU-series-1,1,192,3853
A100-SXM4-80GB,8,128,3854
A10,1,128,3855
A10,1,128,3856
A100-SXM4-80GB,8,128,3857
A10,1,128,3858
A10,1,128,3859
GPU-series-1,1,192,3860
A100-SXM4-80GB,8,128,3861
A10,1,128,3862
A10,1,128,3863
A10,1,128,3864
A10,1,128,3865
A10,1,128,3866
A10,1,128,3867
A10,1,128,3868
A10,1,128,3869
A10,1,128,3870
A10,1,128,3871
A10,1,128,3872
H800,8,192,3873
A100-SXM4-80GB,8,128,3874
A10,1,128,3876
A100-SXM4-80GB,8,128,3877
GPU-series-1,1,192,3878
GPU-series-1,1,192,3879
A10,1,128,3880
GPU-series-1,8,192,3881
A10,1,128,3882
A10,1,128,3883
A10,1,128,3884
A10,1,128,3885
GPU-series-1,1,192,3886
A100-SXM4-80GB,8,128,3887
A10,1,128,3888
H800,8,192,3889
H800,8,192,3890
A10,1,128,3891
GPU-series-1,1,192,3892
H800,8,192,3893
A10,1,128,3894
A10,1,128,3895
A10,1,128,3896
A100-SXM4-80GB,8,128,3897
GPU-series-1,1,192,3898
A10,1,128,3899
GPU-series-2,8,192,3900
A10,1,128,3902
A10,1,128,3903
GPU-series-1,1,192,3904
GPU-series-1,1,192,3905
A10,1,128,3906
A10,1,128,3907
A10,1,128,3908
A10,1,128,3909
A10,1,128,3910
H800,8,192,3911
GPU-series-1,1,192,3912
A10,1,128,3913
A10,1,128,3914
A10,1,128,3915
A10,1,128,3916
A10,1,128,3917
A10,1,128,3918
H800,8,192,3919
A10,1,128,3920
A10,1,128,3921
A10,1,128,3922
GPU-series-1,1,192,3923
A10,1,128,3924
A10,1,128,3925
A10,1,128,3926
A10,1,128,3927
GPU-series-1,1,192,3928
GPU-series-1,1,192,3929
GPU-series-1,1,192,3930
A10,1,128,3931
GPU-series-1,1,192,3932
GPU-series-1,1,192,3933
GPU-series-1,1,192,3934
A100-SXM4-80GB,8,128,3935
GPU-series-1,8,192,3936
GPU-series-2,8,192,3937
A10,1,128,3938
A10,1,128,3939
H800,8,192,3940
A100-SXM4-80GB,8,128,3941
A10,1,128,3942
H800,8,192,3943
H800,8,192,3944
H800,8,192,3945
A10,1,128,3947
GPU-series-2,8,192,3948
A10,1,128,3949
A10,1,128,3950
A10,1,128,3951
A10,1,128,3952
A10,1,128,3953
A100-SXM4-80GB,8,128,3954
A10,1,128,3955
A10,1,128,3956
A10,1,128,3957
A10,1,128,3958
A10,1,128,3959
A10,1,128,3960
A10,1,128,3961
A10,1,128,3962
GPU-series-1,1,192,3963
A10,1,128,3965
GPU-series-1,1,192,3966
GPU-series-1,1,192,3967
A10,1,128,3968
GPU-series-1,8,192,3969
GPU-series-1,1,192,3970
H800,8,192,3971
A10,1,128,3972
A10,1,128,3973
GPU-series-1,1,192,3974
A10,1,128,3975
A10,1,128,3976
A10,1,128,3977
A100-SXM4-80GB,8,128,3978
GPU-series-1,1,192,3979
A10,1,128,3980
A10,1,128,3981
A10,1,128,3982
GPU-series-1,1,192,3983
GPU-series-1,1,192,3984
GPU-series-2,8,192,3985
A10,1,128,3986
GPU-series-1,1,192,3987
GPU-series-1,1,192,3988
A10,1,128,3989
GPU-series-1,1,128,3990
GPU-series-1,1,192,3991
A10,1,128,3992
A10,1,128,3993
H800,8,192,3994
A10,1,128,3995
GPU-series-1,1,192,3996
GPU-series-1,1,192,3997
A100-SXM4-80GB,8,128,3998
A10,1,128,3999
GPU-series-1,1,192,4000
GPU-series-1,1,192,4001
GPU-series-1,1,192,4002
A10,1,128,4003
GPU-series-1,1,192,4004
A10,1,128,4005
GPU-series-1,1,192,4006
A10,1,128,4007
A10,1,128,4008
A10,1,128,4009
GPU-series-1,1,192,4010
A10,1,128,4011
A10,1,128,4012
GPU-series-1,1,192,4013
A10,1,128,4014
A10,1,128,4015
GPU-series-1,1,192,4016
A10,1,128,4017
H800,8,192,4018
GPU-series-1,1,192,4019
GPU-series-1,1,192,4020
A10,1,128,4021
A10,1,128,4022
A10,1,128,4023
A10,1,128,4024
A10,1,128,4025
A100-SXM4-80GB,8,128,4026
GPU-series-1,1,192,4027
A10,1,128,4028
GPU-series-1,1,192,4029
A10,1,128,4030
GPU-series-1,1,192,4031
GPU-series-1,1,192,4032
A10,1,128,4033
A10,1,128,4034
GPU-series-1,1,192,4035
GPU-series-1,1,192,4036
A100-SXM4-80GB,8,128,4037
A10,1,128,4038
A10,1,128,4039
A10,1,128,4040
A10,1,128,4041
GPU-series-1,1,192,4042
A10,1,128,4043
GPU-series-2,8,192,4044
A10,1,128,4045
H800,8,192,4046
H800,8,192,4047
A10,1,128,4048
A10,1,128,4049
A10,1,128,4050
A10,1,128,4051
A10,1,128,4052
A10,1,128,4053
A10,1,128,4054
A100-SXM4-80GB,8,128,4055
A10,1,128,4056
A100-SXM4-80GB,8,128,4057
GPU-series-1,1,192,4058
A10,1,128,4060
GPU-series-1,1,192,4061
A10,1,128,4062
A10,1,128,4063
A10,1,128,4064
A10,1,128,4065
GPU-series-1,1,192,4066
A10,1,128,4067
A10,1,128,4069
A10,1,128,4070
GPU-series-1,1,192,4071
A10,1,128,4072
A10,1,128,4073
GPU-series-1,1,192,4074
A10,1,128,4075
A10,1,128,4076
A10,1,128,4077
A10,1,128,4078
A10,1,128,4079
H800,8,192,4080
GPU-series-1,1,192,4081
GPU-series-1,1,192,4082
A10,1,128,4083
A10,1,128,4084
H800,8,192,4085
A10,1,128,4086
A100-SXM4-80GB,8,128,4087
A10,1,128,4088
GPU-series-1,1,192,4089
A10,1,128,4090
A100-SXM4-80GB,8,128,4091
A10,1,128,4093
A10,1,128,4094
H800,8,192,4095
A10,1,128,4096
A10,1,128,4097
A10,1,128,4098
A100-SXM4-80GB,8,128,4099
A10,1,128,4100
A100-SXM4-80GB,8,128,4101
A10,1,128,4102
GPU-series-1,8,192,4103
A10,1,128,4104
GPU-series-1,1,192,4105
A10,1,128,4106
A10,1,128,4107
GPU-series-1,1,192,4108
A10,1,128,4109
A100-SXM4-80GB,8,128,4110
A10,1,128,4111
A10,1,128,4112
GPU-series-1,1,192,4114
A10,1,128,4115
GPU-series-1,1,192,4116
A100-SXM4-80GB,8,128,4117
GPU-series-1,8,192,4118
A10,1,128,4119
GPU-series-1,8,192,4120
A10,1,128,4121
A10,1,128,4122
GPU-series-1,1,192,4123
A10,1,128,4124
A10,1,128,4125
A10,1,128,4126
A10,1,128,4127
A10,1,128,4128
A10,1,128,4129
A10,1,128,4130
A10,1,128,4131
A10,1,128,4133
GPU-series-1,8,192,4134
A10,1,128,4135
H800,8,192,4136
GPU-series-1,1,192,4137
GPU-series-1,1,192,4138
GPU-series-1,1,192,4139
A10,1,128,4140
A10,1,128,4141
GPU-series-1,1,192,4142
A10,1,128,4143
GPU-series-1,1,192,4144
GPU-series-2,8,192,4145
A100-SXM4-80GB,8,128,4146
A10,1,128,4147
A10,1,128,4148
A10,1,128,4149
A100-SXM4-80GB,8,128,4150
GPU-series-1,1,192,4151
A10,1,128,4152
GPU-series-1,1,192,4153
A100-SXM4-80GB,8,128,4154
GPU-series-1,1,192,4155
A10,1,128,4156
A10,1,128,4157
GPU-series-1,8,192,4158
A10,1,128,4159
A10,1,128,4160
A10,1,128,4161
A10,1,128,4162
A10,1,128,4163
GPU-series-1,1,192,4164
A10,1,128,4165
A10,1,128,4166
GPU-series-1,1,192,4167
A100-SXM4-80GB,8,128,4168
GPU-series-1,1,192,4169
H800,8,192,4170
A100-SXM4-80GB,8,128,4171
A10,1,128,4172
A10,1,128,4173
A10,1,128,4174
A10,1,128,4175
GPU-series-1,8,192,4176
A10,1,128,4177
GPU-series-1,8,192,4178
GPU-series-1,1,192,4179
GPU-series-1,1,192,4180
A10,1,128,4181
GPU-series-1,1,192,4182
A10,1,128,4183
A10,1,128,4184
A10,1,128,4185
A10,1,128,4186
A100-SXM4-80GB,8,128,4187
GPU-series-1,1,192,4188
A10,1,128,4189
GPU-series-1,1,192,4190
A10,1,128,4191
A10,1,128,4192
A100-SXM4-80GB,8,128,4193
GPU-series-1,1,192,4194
A10,1,128,4195
A10,1,128,4196
A10,1,128,4197
GPU-series-2,8,192,4198
GPU-series-1,1,192,4200
A10,1,128,4201
A10,1,128,4202
A10,1,128,4203
A10,1,128,4204
A10,1,128,4205
A10,1,128,4206
A100-SXM4-80GB,8,128,4207
GPU-series-1,1,192,4208
A10,1,128,4209
A10,1,128,4210
A10,1,128,4211
A10,1,128,4212
GPU-series-1,1,192,4213
A10,1,128,4214
A10,1,128,4215
A10,1,128,4216
A10,1,128,4217
H800,8,192,4218
GPU-series-2,8,192,4219
A10,1,128,4220
A10,1,128,4221
A10,1,128,4222
A100-SXM4-80GB,8,128,4223
A10,1,128,4224
GPU-series-1,1,192,4225
A10,1,128,4226
A10,1,128,4227
A10,1,128,4228
GPU-series-2,8,192,4229
A10,1,128,4230
GPU-series-1,1,192,4231
A10,1,128,4232
GPU-series-1,1,192,4233
A10,1,128,4234
A10,1,128,4235
GPU-series-1,1,192,4236
A100-SXM4-80GB,8,128,4237
A10,1,128,4238
A10,1,128,4239
GPU-series-1,1,192,4240
A10,1,128,4241
A10,1,128,4242
A10,1,128,4243
A10,1,128,4244
A10,1,128,4245
A10,1,128,4246
A100-SXM4-80GB,8,128,4247
GPU-series-1,1,192,4248
GPU-series-1,1,192,4249
H800,8,192,4250
A10,1,128,4251
A800-SXM4-80GB,8,128,4252
A10,1,128,4253
A10,1,128,4254
A10,1,128,4255
A10,1,128,4256
A10,1,128,4257
A10,1,128,4258
GPU-series-2,8,192,4259
A10,1,128,4260
A10,1,128,4261
A10,1,128,4262
GPU-series-1,1,192,4263
A10,1,128,4264
A10,1,128,4265
A10,1,128,4266
GPU-series-1,1,192,4267
A100-SXM4-80GB,8,128,4268
A10,1,128,4269
GPU-series-1,1,192,4270
A10,1,128,4271
GPU-series-1,1,192,4272
A10,1,128,4273
GPU-series-1,1,192,4274
A10,1,128,4275
A10,1,128,4276
A10,1,128,4277
GPU-series-1,1,192,4278
A10,1,128,4279
A10,1,128,4280
GPU-series-2,8,192,4281
A100-SXM4-80GB,8,128,4283
GPU-series-1,1,192,4284
GPU-series-1,1,192,4285
A10,1,128,4286
A10,1,128,4287
A10,1,128,4288
A10,1,128,4289
GPU-series-1,1,192,4290
A10,1,128,4291
GPU-series-1,1,192,4292
A10,1,128,4293
A10,1,128,4294
A10,1,128,4295
A10,1,128,4296
A10,1,128,4297
GPU-series-2,8,192,4298
GPU-series-2,8,192,4299
A10,1,128,4300
A10,1,128,4301
A10,1,128,4302
A10,1,128,4303
A10,1,128,4304
A10,1,128,4305
GPU-series-1,1,192,4306
GPU-series-1,1,192,4307
GPU-series-1,1,192,4308
A10,1,128,4309
GPU-series-1,8,192,4310
GPU-series-1,4,192,4311
GPU-series-1,1,192,4312
A10,1,128,4313
A10,1,128,4314
A10,1,128,4315
A10,1,128,4316
A100-SXM4-80GB,8,128,4317
GPU-series-1,1,192,4318
A10,1,128,4319
A10,1,128,4320
GPU-series-2,8,192,4321
GPU-series-2,8,192,4322
A10,1,128,4323
GPU-series-1,1,192,4324
A10,1,128,4325
GPU-series-1,1,192,4326
A10,1,128,4327
A10,1,128,4328
A10,1,128,4329
A10,1,128,4330
A10,1,128,4331
A800-SXM4-80GB,8,128,4332
A10,1,128,4333
A10,1,128,4334
A100-SXM4-80GB,8,128,4335
GPU-series-1,1,192,4336
A100-SXM4-80GB,8,128,4337
GPU-series-1,8,192,4338
A10,1,128,4339
GPU-series-1,1,192,4340
