,worker,gpu,time,batch_time_norm
0,0,20,1,691
1,1,20,1,689
2,2,20,1,743
3,3,20,1,866
4,4,20,1,844
5,5,20,1,910
6,6,20,1,840
7,7,20,1,828
8,8,20,1,837
9,9,20,1,792
10,0,20,11,691
11,1,20,11,689
12,2,20,11,743
13,3,20,11,866
14,4,20,11,846
15,5,20,11,933
16,6,20,11,846
17,7,20,11,840
18,8,20,11,848
19,9,20,11,792
20,0,20,21,701
21,1,20,21,701
22,2,20,21,743
23,3,20,21,848
24,4,20,21,846
25,5,20,21,906
26,6,20,21,863
27,7,20,21,840
28,8,20,21,884
29,9,20,21,792
30,0,20,31,701
31,1,20,31,701
32,2,20,31,743
33,3,20,31,848
34,4,20,31,861
35,5,20,31,921
36,6,20,31,863
37,7,20,31,838
38,8,20,31,884
39,9,20,31,792
40,0,20,41,704
41,1,20,41,681
42,2,20,41,743
43,3,20,41,848
44,4,20,41,861
45,5,20,41,921
46,6,20,41,843
47,7,20,41,838
48,8,20,41,872
49,9,20,41,796
50,0,20,51,704
51,1,20,51,681
52,2,20,51,743
53,3,20,51,848
54,4,20,51,861
55,5,20,51,900
56,6,20,51,823
57,7,20,51,828
58,8,20,51,872
59,9,20,51,796
60,0,20,61,720
61,1,20,61,711
62,2,20,61,743
63,3,20,61,870
64,4,20,61,849
65,5,20,61,914
66,6,20,61,854
67,7,20,61,862
68,8,20,61,859
69,9,20,61,801
70,0,20,71,720
71,1,20,71,711
72,2,20,71,743
73,3,20,71,870
74,4,20,71,849
75,5,20,71,914
76,6,20,71,854
77,7,20,71,871
78,8,20,71,859
79,9,20,71,801
80,0,20,81,720
81,1,20,81,700
82,2,20,81,743
83,3,20,81,870
84,4,20,81,855
85,5,20,81,914
86,6,20,81,831
87,7,20,81,839
88,8,20,81,843
89,9,20,81,811
90,0,20,91,709
91,1,20,91,693
92,2,20,91,736
93,3,20,91,870
94,4,20,91,855
95,5,20,91,914
96,6,20,91,831
97,7,20,91,839
98,8,20,91,843
99,9,20,91,811
100,0,20,101,688
101,1,20,101,679
102,2,20,101,736
103,3,20,101,851
104,4,20,101,867
105,5,20,101,914
106,6,20,101,808
107,7,20,101,839
108,8,20,101,841
109,9,20,101,811
110,0,20,111,688
111,1,20,111,679
112,2,20,111,750
113,3,20,111,841
114,4,20,111,867
115,5,20,111,914
116,6,20,111,846
117,7,20,111,845
118,8,20,111,841
119,9,20,111,811
120,0,20,121,699
121,1,20,121,679
122,2,20,121,750
123,3,20,121,841
124,4,20,121,848
125,5,20,121,912
126,6,20,121,846
127,7,20,121,845
128,8,20,121,861
129,9,20,121,801
130,0,20,131,709
131,1,20,131,679
132,2,20,131,739
133,3,20,131,853
134,4,20,131,839
135,5,20,131,912
136,6,20,131,846
137,7,20,131,845
138,8,20,131,861
139,9,20,131,789
140,0,20,141,700
141,1,20,141,673
142,2,20,141,739
143,3,20,141,853
144,4,20,141,850
145,5,20,141,918
146,6,20,141,836
147,7,20,141,845
148,8,20,141,844
149,9,20,141,789
150,0,20,151,700
151,1,20,151,673
152,2,20,151,755
153,3,20,151,853
154,4,20,151,860
155,5,20,151,917
156,6,20,151,836
157,7,20,151,845
158,8,20,151,844
159,9,20,151,789
160,0,20,161,700
161,1,20,161,673
162,2,20,161,755
163,3,20,161,865
164,4,20,161,836
165,5,20,161,903
166,6,20,161,818
167,7,20,161,845
168,8,20,161,836
169,9,20,161,808
170,0,20,171,708
171,1,20,171,673
172,2,20,171,755
173,3,20,171,845
174,4,20,171,836
175,5,20,171,903
176,6,20,171,818
177,7,20,171,864
178,8,20,171,848
179,9,20,171,808
180,0,20,181,708
181,1,20,181,668
182,2,20,181,755
183,3,20,181,859
184,4,20,181,851
185,5,20,181,914
186,6,20,181,831
187,7,20,181,854
188,8,20,181,834
189,9,20,181,808
190,0,20,191,696
191,1,20,191,668
192,2,20,191,755
193,3,20,191,872
194,4,20,191,851
195,5,20,191,914
196,6,20,191,831
197,7,20,191,854
198,8,20,191,834
199,9,20,191,808
200,0,20,201,706
201,1,20,201,678
202,2,20,201,762
203,3,20,201,839
204,4,20,201,838
205,5,20,201,886
206,6,20,201,831
207,7,20,201,854
208,8,20,201,851
209,9,20,201,808
210,0,20,211,706
211,1,20,211,678
212,2,20,211,762
213,3,20,211,839
214,4,20,211,838
215,5,20,211,886
216,6,20,211,831
217,7,20,211,854
218,8,20,211,851
219,9,20,211,808
220,0,20,221,706
221,1,20,221,685
222,2,20,221,762
223,3,20,221,857
224,4,20,221,849
225,5,20,221,886
226,6,20,221,817
227,7,20,221,854
228,8,20,221,855
229,9,20,221,808
230,0,20,231,706
231,1,20,231,673
232,2,20,231,762
233,3,20,231,875
234,4,20,231,849
235,5,20,231,912
236,6,20,231,833
237,7,20,231,854
238,8,20,231,855
239,9,20,231,808
240,0,20,241,706
241,1,20,241,673
242,2,20,241,762
243,3,20,241,843
244,4,20,241,871
245,5,20,241,912
246,6,20,241,833
247,7,20,241,854
248,8,20,241,855
249,9,20,241,808
250,0,20,251,715
251,1,20,251,673
252,2,20,251,762
253,3,20,251,843
254,4,20,251,871
255,5,20,251,912
256,6,20,251,833
257,7,20,251,854
258,8,20,251,814
259,9,20,251,808
260,0,20,261,715
261,1,20,261,683
262,2,20,261,762
263,3,20,261,843
264,4,20,261,849
265,5,20,261,912
266,6,20,261,833
267,7,20,261,854
268,8,20,261,812
269,9,20,261,808
270,0,20,271,715
271,1,20,271,667
272,2,20,271,762
273,3,20,271,825
274,4,20,271,823
275,5,20,271,923
276,6,20,271,833
277,7,20,271,835
278,8,20,271,812
279,9,20,271,808
280,0,20,281,710
281,1,20,281,667
282,2,20,281,762
283,3,20,281,825
284,4,20,281,841
285,5,20,281,923
286,6,20,281,823
287,7,20,281,835
288,8,20,281,832
289,9,20,281,808
290,0,20,291,721
291,1,20,291,667
292,2,20,291,762
293,3,20,291,845
294,4,20,291,825
295,5,20,291,901
296,6,20,291,806
297,7,20,291,822
298,8,20,291,832
299,9,20,291,808
300,0,20,301,712
301,1,20,301,666
302,2,20,301,762
303,3,20,301,845
304,4,20,301,842
305,5,20,301,912
306,6,20,301,806
307,7,20,301,849
308,8,20,301,855
309,9,20,301,808
310,0,20,311,712
311,1,20,311,675
312,2,20,311,762
313,3,20,311,845
314,4,20,311,852
315,5,20,311,912
316,6,20,311,826
317,7,20,311,849
318,8,20,311,855
319,9,20,311,808
320,0,20,321,718
321,1,20,321,678
322,2,20,321,745
323,3,20,321,861
324,4,20,321,873
325,5,20,321,901
326,6,20,321,816
327,7,20,321,834
328,8,20,321,855
329,9,20,321,812
330,0,20,331,718
331,1,20,331,678
332,2,20,331,745
333,3,20,331,846
334,4,20,331,873
335,5,20,331,901
336,6,20,331,814
337,7,20,331,834
338,8,20,331,855
339,9,20,331,801
340,0,20,341,709
341,1,20,341,686
342,2,20,341,745
343,3,20,341,863
344,4,20,341,832
345,5,20,341,885
346,6,20,341,834
347,7,20,341,834
348,8,20,341,842
349,9,20,341,801
350,0,20,351,709
351,1,20,351,686
352,2,20,351,745
353,3,20,351,863
354,4,20,351,832
355,5,20,351,885
356,6,20,351,834
357,7,20,351,834
358,8,20,351,852
359,9,20,351,784
360,0,20,361,709
361,1,20,361,686
362,2,20,361,745
363,3,20,361,884
364,4,20,361,859
365,5,20,361,885
366,6,20,361,817
367,7,20,361,834
368,8,20,361,833
369,9,20,361,799
370,0,20,371,708
371,1,20,371,675
372,2,20,371,745
373,3,20,371,884
374,4,20,371,839
375,5,20,371,885
376,6,20,371,817
377,7,20,371,862
378,8,20,371,822
379,9,20,371,799
380,0,20,381,708
381,1,20,381,675
382,2,20,381,737
383,3,20,381,839
384,4,20,381,839
385,5,20,381,985
386,6,20,381,840
387,7,20,381,862
388,8,20,381,822
389,9,20,381,799
390,0,20,391,698
391,1,20,391,675
392,2,20,391,737
393,3,20,391,839
394,4,20,391,851
395,5,20,391,973
396,6,20,391,840
397,7,20,391,850
398,8,20,391,804
399,9,20,391,799
400,0,20,401,698
401,1,20,401,675
402,2,20,401,737
403,3,20,401,839
404,4,20,401,851
405,5,20,401,1000
406,6,20,401,833
407,7,20,401,850
408,8,20,401,819
409,9,20,401,799
410,0,20,411,710
411,1,20,411,672
412,2,20,411,737
413,3,20,411,860
414,4,20,411,838
415,5,20,411,950
416,6,20,411,833
417,7,20,411,865
418,8,20,411,806
419,9,20,411,799
420,0,20,421,710
421,1,20,421,672
422,2,20,421,737
423,3,20,421,860
424,4,20,421,849
425,5,20,421,906
426,6,20,421,833
427,7,20,421,865
428,8,20,421,806
429,9,20,421,810
430,0,20,431,697
431,1,20,431,672
432,2,20,431,737
433,3,20,431,860
434,4,20,431,849
435,5,20,431,906
436,6,20,431,833
437,7,20,431,893
438,8,20,431,844
439,9,20,431,810
440,0,20,441,697
441,1,20,441,677
442,2,20,441,737
443,3,20,441,870
444,4,20,441,849
445,5,20,441,899
446,6,20,441,847
447,7,20,441,874
448,8,20,441,844
449,9,20,441,794
450,0,20,451,693
451,1,20,451,692
452,2,20,451,737
453,3,20,451,870
454,4,20,451,827
455,5,20,451,882
456,6,20,451,847
457,7,20,451,874
458,8,20,451,820
459,9,20,451,794
460,0,20,461,693
461,1,20,461,692
462,2,20,461,737
463,3,20,461,881
464,4,20,461,827
465,5,20,461,882
466,6,20,461,826
467,7,20,461,843
468,8,20,461,820
469,9,20,461,794
470,0,20,471,711
471,1,20,471,692
472,2,20,471,737
473,3,20,471,881
474,4,20,471,854
475,5,20,471,882
476,6,20,471,826
477,7,20,471,843
478,8,20,471,820
479,9,20,471,794
480,0,20,481,711
481,1,20,481,672
482,2,20,481,737
483,3,20,481,873
484,4,20,481,870
485,5,20,481,882
486,6,20,481,849
487,7,20,481,834
488,8,20,481,818
489,9,20,481,794
490,0,20,491,699
491,1,20,491,672
492,2,20,491,737
493,3,20,491,873
494,4,20,491,848
495,5,20,491,909
496,6,20,491,849
497,7,20,491,834
498,8,20,491,834
499,9,20,491,794
500,0,20,501,691
501,1,20,501,678
502,2,20,501,737
503,3,20,501,875
504,4,20,501,857
505,5,20,501,909
506,6,20,501,849
507,7,20,501,831
508,8,20,501,851
509,9,20,501,798
510,0,20,511,691
511,1,20,511,686
512,2,20,511,737
513,3,20,511,875
514,4,20,511,867
515,5,20,511,909
516,6,20,511,849
517,7,20,511,831
518,8,20,511,831
519,9,20,511,798
520,0,20,521,691
521,1,20,521,686
522,2,20,521,737
523,3,20,521,875
524,4,20,521,867
525,5,20,521,909
526,6,20,521,835
527,7,20,521,844
528,8,20,521,843
529,9,20,521,798
530,0,20,531,691
531,1,20,531,686
532,2,20,531,737
533,3,20,531,859
534,4,20,531,867
535,5,20,531,909
536,6,20,531,835
537,7,20,531,844
538,8,20,531,852
539,9,20,531,798
540,0,20,541,691
541,1,20,541,686
542,2,20,541,730
543,3,20,541,859
544,4,20,541,867
545,5,20,541,909
546,6,20,541,853
547,7,20,541,844
548,8,20,541,837
549,9,20,541,798
550,0,20,551,717
551,1,20,551,686
552,2,20,551,744
553,3,20,551,859
554,4,20,551,862
555,5,20,551,909
556,6,20,551,853
557,7,20,551,845
558,8,20,551,837
559,9,20,551,798
560,0,20,561,717
561,1,20,561,673
562,2,20,561,735
563,3,20,561,853
564,4,20,561,862
565,5,20,561,909
566,6,20,561,853
567,7,20,561,845
568,8,20,561,837
569,9,20,561,793
570,0,20,571,706
571,1,20,571,673
572,2,20,571,735
573,3,20,571,853
574,4,20,571,879
575,5,20,571,920
576,6,20,571,853
577,7,20,571,829
578,8,20,571,837
579,9,20,571,793
580,0,20,581,694
581,1,20,581,675
582,2,20,581,735
583,3,20,581,853
584,4,20,581,879
585,5,20,581,920
586,6,20,581,853
587,7,20,581,829
588,8,20,581,845
589,9,20,581,780
590,0,20,591,694
591,1,20,591,675
592,2,20,591,735
593,3,20,591,853
594,4,20,591,852
595,5,20,591,894
596,6,20,591,853
597,7,20,591,842
598,8,20,591,826
599,9,20,591,780
600,0,20,601,719
601,1,20,601,688
602,2,20,601,741
603,3,20,601,853
604,4,20,601,852
605,5,20,601,894
606,6,20,601,853
607,7,20,601,842
608,8,20,601,813
609,9,20,601,787
610,0,20,611,710
611,1,20,611,688
612,2,20,611,741
613,3,20,611,884
614,4,20,611,852
615,5,20,611,919
616,6,20,611,818
617,7,20,611,823
618,8,20,611,813
619,9,20,611,787
620,0,20,621,710
621,1,20,621,676
622,2,20,621,741
623,3,20,621,873
624,4,20,621,852
625,5,20,621,936
626,6,20,621,831
627,7,20,621,823
628,8,20,621,813
629,9,20,621,798
630,0,20,631,698
631,1,20,631,676
632,2,20,631,741
633,3,20,631,835
634,4,20,631,852
635,5,20,631,925
636,6,20,631,831
637,7,20,631,823
638,8,20,631,844
639,9,20,631,817
640,0,20,641,698
641,1,20,641,676
642,2,20,641,741
643,3,20,641,835
644,4,20,641,852
645,5,20,641,925
646,6,20,641,834
647,7,20,641,843
648,8,20,641,869
649,9,20,641,817
650,0,20,651,698
651,1,20,651,696
652,2,20,651,751
653,3,20,651,835
654,4,20,651,845
655,5,20,651,925
656,6,20,651,834
657,7,20,651,843
658,8,20,651,851
659,9,20,651,801
660,0,20,661,698
661,1,20,661,696
662,2,20,661,751
663,3,20,661,835
664,4,20,661,845
665,5,20,661,925
666,6,20,661,818
667,7,20,661,809
668,8,20,661,832
669,9,20,661,801
670,0,20,671,698
671,1,20,671,696
672,2,20,671,751
673,3,20,671,832
674,4,20,671,845
675,5,20,671,925
676,6,20,671,818
677,7,20,671,809
678,8,20,671,800
679,9,20,671,792
680,0,20,681,722
681,1,20,681,696
682,2,20,681,751
683,3,20,681,855
684,4,20,681,837
685,5,20,681,925
686,6,20,681,818
687,7,20,681,809
688,8,20,681,817
689,9,20,681,792
690,0,20,691,722
691,1,20,691,694
692,2,20,691,751
693,3,20,691,855
694,4,20,691,837
695,5,20,691,901
696,6,20,691,846
697,7,20,691,833
698,8,20,691,855
699,9,20,691,792
700,0,20,701,722
701,1,20,701,694
702,2,20,701,751
703,3,20,701,855
704,4,20,701,843
705,5,20,701,901
706,6,20,701,865
707,7,20,701,858
708,8,20,701,842
709,9,20,701,792
710,0,20,711,701
711,1,20,711,694
712,2,20,711,751
713,3,20,711,867
714,4,20,711,856
715,5,20,711,914
716,6,20,711,836
717,7,20,711,847
718,8,20,711,842
719,9,20,711,792
720,0,20,721,701
721,1,20,721,694
722,2,20,721,751
723,3,20,721,867
724,4,20,721,856
725,5,20,721,898
726,6,20,721,836
727,7,20,721,836
728,8,20,721,820
729,9,20,721,785
730,0,20,731,701
731,1,20,731,694
732,2,20,731,751
733,3,20,731,848
734,4,20,731,816
735,5,20,731,898
736,6,20,731,821
737,7,20,731,820
738,8,20,731,806
739,9,20,731,785
740,0,20,741,701
741,1,20,741,694
742,2,20,741,751
743,3,20,741,848
744,4,20,741,824
745,5,20,741,890
746,6,20,741,821
747,7,20,741,820
748,8,20,741,827
749,9,20,741,785
750,0,20,751,701
751,1,20,751,694
752,2,20,751,751
753,3,20,751,848
754,4,20,751,824
755,5,20,751,890
756,6,20,751,821
757,7,20,751,820
758,8,20,751,827
759,9,20,751,785
760,0,20,761,727
761,1,20,761,694
762,2,20,761,751
763,3,20,761,865
764,4,20,761,868
765,5,20,761,890
766,6,20,761,821
767,7,20,761,820
768,8,20,761,840
769,9,20,761,785
770,0,20,771,727
771,1,20,771,694
772,2,20,771,751
773,3,20,771,842
774,4,20,771,868
775,5,20,771,890
776,6,20,771,821
777,7,20,771,820
778,8,20,771,840
779,9,20,771,785
780,0,20,781,727
781,1,20,781,694
782,2,20,781,751
783,3,20,781,842
784,4,20,781,846
785,5,20,781,890
786,6,20,781,840
787,7,20,781,875
788,8,20,781,845
789,9,20,781,785
790,0,20,791,727
791,1,20,791,687
792,2,20,791,751
793,3,20,791,865
794,4,20,791,846
795,5,20,791,890
796,6,20,791,840
797,7,20,791,875
798,8,20,791,837
799,9,20,791,785
800,0,20,801,727
801,1,20,801,687
802,2,20,801,751
803,3,20,801,848
804,4,20,801,866
805,5,20,801,890
806,6,20,801,857
807,7,20,801,857
808,8,20,801,837
809,9,20,801,785
810,0,20,811,727
811,1,20,811,687
812,2,20,811,742
813,3,20,811,838
814,4,20,811,866
815,5,20,811,890
816,6,20,811,857
817,7,20,811,857
818,8,20,811,811
819,9,20,811,785
820,0,20,821,727
821,1,20,821,687
822,2,20,821,742
823,3,20,821,838
824,4,20,821,866
825,5,20,821,890
826,6,20,821,822
827,7,20,821,827
828,8,20,821,811
829,9,20,821,785
830,0,20,831,727
831,1,20,831,711
832,2,20,831,742
833,3,20,831,871
834,4,20,831,839
835,5,20,831,923
836,6,20,831,822
837,7,20,831,827
838,8,20,831,826
839,9,20,831,785
840,0,20,841,727
841,1,20,841,711
842,2,20,841,742
843,3,20,841,871
844,4,20,841,871
845,5,20,841,923
846,6,20,841,822
847,7,20,841,843
848,8,20,841,826
849,9,20,841,785
850,0,20,851,697
851,1,20,851,711
852,2,20,851,742
853,3,20,851,853
854,4,20,851,859
855,5,20,851,909
856,6,20,851,822
857,7,20,851,843
858,8,20,851,826
859,9,20,851,785
860,0,20,861,706
861,1,20,861,699
862,2,20,861,742
863,3,20,861,853
864,4,20,861,859
865,5,20,861,909
866,6,20,861,822
867,7,20,861,843
868,8,20,861,826
869,9,20,861,785
870,0,20,871,709
871,1,20,871,699
872,2,20,871,742
873,3,20,871,853
874,4,20,871,872
875,5,20,871,909
876,6,20,871,815
877,7,20,871,821
878,8,20,871,822
879,9,20,871,785
880,0,20,881,709
881,1,20,881,699
882,2,20,881,742
883,3,20,881,863
884,4,20,881,847
885,5,20,881,909
886,6,20,881,842
887,7,20,881,869
888,8,20,881,845
889,9,20,881,785
890,0,20,891,709
891,1,20,891,699
892,2,20,891,742
893,3,20,891,847
894,4,20,891,853
895,5,20,891,909
896,6,20,891,842
897,7,20,891,869
898,8,20,891,845
899,9,20,891,808
900,0,20,901,725
901,1,20,901,708
902,2,20,901,742
903,3,20,901,856
904,4,20,901,853
905,5,20,901,922
906,6,20,901,834
907,7,20,901,854
908,8,20,901,845
909,9,20,901,808
910,0,20,911,725
911,1,20,911,708
912,2,20,911,742
913,3,20,911,874
914,4,20,911,853
915,5,20,911,922
916,6,20,911,834
917,7,20,911,854
918,8,20,911,841
919,9,20,911,808
920,0,20,921,713
921,1,20,921,683
922,2,20,921,742
923,3,20,921,874
924,4,20,921,874
925,5,20,921,895
926,6,20,921,834
927,7,20,921,830
928,8,20,921,841
929,9,20,921,808
930,0,20,931,706
931,1,20,931,683
932,2,20,931,742
933,3,20,931,860
934,4,20,931,874
935,5,20,931,895
936,6,20,931,834
937,7,20,931,830
938,8,20,931,863
939,9,20,931,819
940,0,20,941,706
941,1,20,941,689
942,2,20,941,742
943,3,20,941,850
944,4,20,941,874
945,5,20,941,936
946,6,20,941,847
947,7,20,941,830
948,8,20,941,863
949,9,20,941,819
950,0,20,951,706
951,1,20,951,688
952,2,20,951,742
953,3,20,951,871
954,4,20,951,874
955,5,20,951,912
956,6,20,951,847
957,7,20,951,842
958,8,20,951,863
959,9,20,951,797
960,0,20,961,706
961,1,20,961,688
962,2,20,961,742
963,3,20,961,871
964,4,20,961,874
965,5,20,961,912
966,6,20,961,847
967,7,20,961,842
968,8,20,961,858
969,9,20,961,797
970,0,20,971,706
971,1,20,971,677
972,2,20,971,742
973,3,20,971,849
974,4,20,971,845
975,5,20,971,912
976,6,20,971,825
977,7,20,971,842
978,8,20,971,831
979,9,20,971,797
980,0,20,981,706
981,1,20,981,677
982,2,20,981,742
983,3,20,981,849
984,4,20,981,835
985,5,20,981,887
986,6,20,981,825
987,7,20,981,842
988,8,20,981,831
989,9,20,981,797
990,0,20,991,725
991,1,20,991,677
992,2,20,991,742
993,3,20,991,849
994,4,20,991,857
995,5,20,991,887
996,6,20,991,812
997,7,20,991,825
998,8,20,991,831
999,9,20,991,797
1000,0,20,1001,725
1001,1,20,1001,678
1002,2,20,1001,742
1003,3,20,1001,864
1004,4,20,1001,867
1005,5,20,1001,887
1006,6,20,1001,812
1007,7,20,1001,856
1008,8,20,1001,831
1009,9,20,1001,797
1010,0,20,1011,714
1011,1,20,1011,678
1012,2,20,1011,742
1013,3,20,1011,847
1014,4,20,1011,867
1015,5,20,1011,887
1016,6,20,1011,847
1017,7,20,1011,848
1018,8,20,1011,850
1019,9,20,1011,779
1020,0,20,1021,714
1021,1,20,1021,687
1022,2,20,1021,742
1023,3,20,1021,858
1024,4,20,1021,856
1025,5,20,1021,887
1026,6,20,1021,847
1027,7,20,1021,848
1028,8,20,1021,857
1029,9,20,1021,779
1030,0,20,1031,714
1031,1,20,1031,687
1032,2,20,1031,742
1033,3,20,1031,856
1034,4,20,1031,856
1035,5,20,1031,927
1036,6,20,1031,847
1037,7,20,1031,848
1038,8,20,1031,857
1039,9,20,1031,779
1040,0,20,1041,714
1041,1,20,1041,680
1042,2,20,1041,747
1043,3,20,1041,844
1044,4,20,1041,877
1045,5,20,1041,891
1046,6,20,1041,831
1047,7,20,1041,829
1048,8,20,1041,865
1049,9,20,1041,798
1050,0,20,1051,714
1051,1,20,1051,680
1052,2,20,1051,747
1053,3,20,1051,857
1054,4,20,1051,864
1055,5,20,1051,891
1056,6,20,1051,831
1057,7,20,1051,829
1058,8,20,1051,865
1059,9,20,1051,798
1060,0,20,1061,721
1061,1,20,1061,680
1062,2,20,1061,747
1063,3,20,1061,841
1064,4,20,1061,864
1065,5,20,1061,891
1066,6,20,1061,813
1067,7,20,1061,829
1068,8,20,1061,823
1069,9,20,1061,798
1070,0,20,1071,721
1071,1,20,1071,680
1072,2,20,1071,747
1073,3,20,1071,841
1074,4,20,1071,864
1075,5,20,1071,886
1076,6,20,1071,813
1077,7,20,1071,859
1078,8,20,1071,823
1079,9,20,1071,798
1080,0,20,1081,708
1081,1,20,1081,680
1082,2,20,1081,747
1083,3,20,1081,852
1084,4,20,1081,857
1085,5,20,1081,909
1086,6,20,1081,803
1087,7,20,1081,880
1088,8,20,1081,816
1089,9,20,1081,798
1090,0,20,1091,719
1091,1,20,1091,680
1092,2,20,1091,747
1093,3,20,1091,852
1094,4,20,1091,857
1095,5,20,1091,909
1096,6,20,1091,803
1097,7,20,1091,839
1098,8,20,1091,816
1099,9,20,1091,798
1100,0,20,1101,719
1101,1,20,1101,680
1102,2,20,1101,747
1103,3,20,1101,852
1104,4,20,1101,857
1105,5,20,1101,909
1106,6,20,1101,791
1107,7,20,1101,829
1108,8,20,1101,816
1109,9,20,1101,798
1110,0,20,1111,703
1111,1,20,1111,678
1112,2,20,1111,747
1113,3,20,1111,858
1114,4,20,1111,836
1115,5,20,1111,890
1116,6,20,1111,825
1117,7,20,1111,865
1118,8,20,1111,822
1119,9,20,1111,798
1120,0,20,1121,703
1121,1,20,1121,678
1122,2,20,1121,747
1123,3,20,1121,858
1124,4,20,1121,860
1125,5,20,1121,890
1126,6,20,1121,825
1127,7,20,1121,888
1128,8,20,1121,834
1129,9,20,1121,798
1130,0,20,1131,703
1131,1,20,1131,678
1132,2,20,1131,747
1133,3,20,1131,843
1134,4,20,1131,860
1135,5,20,1131,908
1136,6,20,1131,837
1137,7,20,1131,856
1138,8,20,1131,865
1139,9,20,1131,798
1140,0,20,1141,703
1141,1,20,1141,681
1142,2,20,1141,747
1143,3,20,1141,855
1144,4,20,1141,846
1145,5,20,1141,922
1146,6,20,1141,837
1147,7,20,1141,856
1148,8,20,1141,865
1149,9,20,1141,798
1150,0,20,1151,703
1151,1,20,1151,681
1152,2,20,1151,747
1153,3,20,1151,855
1154,4,20,1151,859
1155,5,20,1151,935
1156,6,20,1151,811
1157,7,20,1151,847
1158,8,20,1151,825
1159,9,20,1151,798
1160,0,20,1161,703
1161,1,20,1161,681
1162,2,20,1161,764
1163,3,20,1161,846
1164,4,20,1161,834
1165,5,20,1161,900
1166,6,20,1161,843
1167,7,20,1161,847
1168,8,20,1161,859
1169,9,20,1161,798
1170,0,20,1171,703
1171,1,20,1171,681
1172,2,20,1171,764
1173,3,20,1171,855
1174,4,20,1171,834
1175,5,20,1171,900
1176,6,20,1171,843
1177,7,20,1171,907
1178,8,20,1171,859
1179,9,20,1171,798
1180,0,20,1181,703
1181,1,20,1181,694
1182,2,20,1181,764
1183,3,20,1181,840
1184,4,20,1181,824
1185,5,20,1181,945
1186,6,20,1181,843
1187,7,20,1181,889
1188,8,20,1181,830
1189,9,20,1181,798
1190,0,20,1191,715
1191,1,20,1191,694
1192,2,20,1191,764
1193,3,20,1191,840
1194,4,20,1191,824
1195,5,20,1191,945
1196,6,20,1191,843
1197,7,20,1191,855
1198,8,20,1191,830
1199,9,20,1191,798
1200,0,20,1201,715
1201,1,20,1201,694
1202,2,20,1201,755
1203,3,20,1201,844
1204,4,20,1201,841
1205,5,20,1201,921
1206,6,20,1201,843
1207,7,20,1201,855
1208,8,20,1201,846
1209,9,20,1201,798
1210,0,20,1211,715
1211,1,20,1211,676
1212,2,20,1211,755
1213,3,20,1211,844
1214,4,20,1211,841
1215,5,20,1211,921
1216,6,20,1211,832
1217,7,20,1211,867
1218,8,20,1211,861
1219,9,20,1211,798
1220,0,20,1221,715
1221,1,20,1221,676
1222,2,20,1221,755
1223,3,20,1221,844
1224,4,20,1221,841
1225,5,20,1221,934
1226,6,20,1221,832
1227,7,20,1221,885
1228,8,20,1221,861
1229,9,20,1221,798
1230,0,20,1231,699
1231,1,20,1231,676
1232,2,20,1231,751
1233,3,20,1231,844
1234,4,20,1231,841
1235,5,20,1231,934
1236,6,20,1231,832
1237,7,20,1231,873
1238,8,20,1231,831
1239,9,20,1231,803
1240,0,20,1241,699
1241,1,20,1241,676
1242,2,20,1241,751
1243,3,20,1241,838
1244,4,20,1241,841
1245,5,20,1241,934
1246,6,20,1241,832
1247,7,20,1241,873
1248,8,20,1241,831
1249,9,20,1241,803
1250,0,20,1251,699
1251,1,20,1251,675
1252,2,20,1251,751
1253,3,20,1251,851
1254,4,20,1251,841
1255,5,20,1251,888
1256,6,20,1251,832
1257,7,20,1251,864
1258,8,20,1251,831
1259,9,20,1251,803
1260,0,20,1261,699
1261,1,20,1261,675
1262,2,20,1261,751
1263,3,20,1261,861
1264,4,20,1261,830
1265,5,20,1261,900
1266,6,20,1261,832
1267,7,20,1261,864
1268,8,20,1261,814
1269,9,20,1261,803
1270,0,20,1271,699
1271,1,20,1271,688
1272,2,20,1271,751
1273,3,20,1271,861
1274,4,20,1271,830
1275,5,20,1271,900
1276,6,20,1271,819
1277,7,20,1271,830
1278,8,20,1271,814
1279,9,20,1271,803
1280,0,20,1281,699
1281,1,20,1281,688
1282,2,20,1281,751
1283,3,20,1281,861
1284,4,20,1281,861
1285,5,20,1281,891
1286,6,20,1281,819
1287,7,20,1281,830
1288,8,20,1281,800
1289,9,20,1281,803
1290,0,20,1291,699
1291,1,20,1291,688
1292,2,20,1291,736
1293,3,20,1291,854
1294,4,20,1291,861
1295,5,20,1291,905
1296,6,20,1291,841
1297,7,20,1291,830
1298,8,20,1291,800
1299,9,20,1291,792
1300,0,20,1301,716
1301,1,20,1301,688
1302,2,20,1301,736
1303,3,20,1301,854
1304,4,20,1301,848
1305,5,20,1301,880
1306,6,20,1301,841
1307,7,20,1301,830
1308,8,20,1301,842
1309,9,20,1301,792
1310,0,20,1311,716
1311,1,20,1311,688
1312,2,20,1311,736
1313,3,20,1311,854
1314,4,20,1311,848
1315,5,20,1311,880
1316,6,20,1311,841
1317,7,20,1311,830
1318,8,20,1311,842
1319,9,20,1311,792
1320,0,20,1321,716
1321,1,20,1321,676
1322,2,20,1321,736
1323,3,20,1321,867
1324,4,20,1321,848
1325,5,20,1321,901
1326,6,20,1321,846
1327,7,20,1321,830
1328,8,20,1321,832
1329,9,20,1321,802
1330,0,20,1331,708
1331,1,20,1331,676
1332,2,20,1331,736
1333,3,20,1331,867
1334,4,20,1331,843
1335,5,20,1331,901
1336,6,20,1331,846
1337,7,20,1331,839
1338,8,20,1331,832
1339,9,20,1331,802
1340,0,20,1341,708
1341,1,20,1341,676
1342,2,20,1341,736
1343,3,20,1341,867
1344,4,20,1341,857
1345,5,20,1341,915
1346,6,20,1341,846
1347,7,20,1341,862
1348,8,20,1341,834
1349,9,20,1341,802
1350,0,20,1351,704
1351,1,20,1351,684
1352,2,20,1351,755
1353,3,20,1351,867
1354,4,20,1351,870
1355,5,20,1351,939
1356,6,20,1351,846
1357,7,20,1351,872
1358,8,20,1351,834
1359,9,20,1351,807
1360,0,20,1361,704
1361,1,20,1361,684
1362,2,20,1361,755
1363,3,20,1361,867
1364,4,20,1361,870
1365,5,20,1361,922
1366,6,20,1361,846
1367,7,20,1361,827
1368,8,20,1361,845
1369,9,20,1361,807
1370,0,20,1371,694
1371,1,20,1371,684
1372,2,20,1371,755
1373,3,20,1371,871
1374,4,20,1371,850
1375,5,20,1371,894
1376,6,20,1371,833
1377,7,20,1371,815
1378,8,20,1371,854
1379,9,20,1371,791
1380,0,20,1381,694
1381,1,20,1381,684
1382,2,20,1381,755
1383,3,20,1381,857
1384,4,20,1381,831
1385,5,20,1381,894
1386,6,20,1381,833
1387,7,20,1381,815
1388,8,20,1381,854
1389,9,20,1381,791
1390,0,20,1391,694
1391,1,20,1391,691
1392,2,20,1391,754
1393,3,20,1391,836
1394,4,20,1391,831
1395,5,20,1391,908
1396,6,20,1391,848
1397,7,20,1391,837
1398,8,20,1391,841
1399,9,20,1391,808
1400,0,20,1401,694
1401,1,20,1401,691
1402,2,20,1401,754
1403,3,20,1401,836
1404,4,20,1401,831
1405,5,20,1401,908
1406,6,20,1401,848
1407,7,20,1401,837
1408,8,20,1401,853
1409,9,20,1401,808
1410,0,20,1411,694
1411,1,20,1411,676
1412,2,20,1411,754
1413,3,20,1411,862
1414,4,20,1411,858
1415,5,20,1411,912
1416,6,20,1411,823
1417,7,20,1411,824
1418,8,20,1411,853
1419,9,20,1411,808
1420,0,20,1421,694
1421,1,20,1421,691
1422,2,20,1421,754
1423,3,20,1421,862
1424,4,20,1421,858
1425,5,20,1421,912
1426,6,20,1421,823
1427,7,20,1421,824
1428,8,20,1421,834
1429,9,20,1421,808
1430,0,20,1431,705
1431,1,20,1431,691
1432,2,20,1431,754
1433,3,20,1431,848
1434,4,20,1431,840
1435,5,20,1431,898
1436,6,20,1431,821
1437,7,20,1431,861
1438,8,20,1431,825
1439,9,20,1431,808
1440,0,20,1441,705
1441,1,20,1441,679
1442,2,20,1441,754
1443,3,20,1441,848
1444,4,20,1441,840
1445,5,20,1441,898
1446,6,20,1441,821
1447,7,20,1441,881
1448,8,20,1441,825
1449,9,20,1441,808
1450,0,20,1451,705
1451,1,20,1451,690
1452,2,20,1451,754
1453,3,20,1451,848
1454,4,20,1451,857
1455,5,20,1451,915
1456,6,20,1451,841
1457,7,20,1451,881
1458,8,20,1451,840
1459,9,20,1451,808
1460,0,20,1461,705
1461,1,20,1461,690
1462,2,20,1461,754
1463,3,20,1461,848
1464,4,20,1461,847
1465,5,20,1461,900
1466,6,20,1461,855
1467,7,20,1461,881
1468,8,20,1461,859
1469,9,20,1461,808
1470,0,20,1471,705
1471,1,20,1471,697
1472,2,20,1471,754
1473,3,20,1471,863
1474,4,20,1471,847
1475,5,20,1471,925
1476,6,20,1471,840
1477,7,20,1471,837
1478,8,20,1471,859
1479,9,20,1471,808
1480,0,20,1481,705
1481,1,20,1481,697
1482,2,20,1481,754
1483,3,20,1481,863
1484,4,20,1481,866
1485,5,20,1481,956
1486,6,20,1481,840
1487,7,20,1481,837
1488,8,20,1481,871
1489,9,20,1481,808
1490,0,20,1491,705
1491,1,20,1491,689
1492,2,20,1491,754
1493,3,20,1491,863
1494,4,20,1491,866
1495,5,20,1491,928
1496,6,20,1491,819
1497,7,20,1491,858
1498,8,20,1491,850
1499,9,20,1491,787
1500,0,20,1501,705
1501,1,20,1501,689
1502,2,20,1501,754
1503,3,20,1501,863
1504,4,20,1501,866
1505,5,20,1501,953
1506,6,20,1501,834
1507,7,20,1501,846
1508,8,20,1501,850
1509,9,20,1501,787
1510,0,20,1511,705
1511,1,20,1511,689
1512,2,20,1511,754
1513,3,20,1511,863
1514,4,20,1511,866
1515,5,20,1511,998
1516,6,20,1511,834
1517,7,20,1511,846
1518,8,20,1511,850
1519,9,20,1511,787
1520,0,20,1521,705
1521,1,20,1521,689
1522,2,20,1521,754
1523,3,20,1521,863
1524,4,20,1521,866
1525,5,20,1521,998
1526,6,20,1521,834
1527,7,20,1521,856
1528,8,20,1521,849
1529,9,20,1521,787
1530,0,20,1531,715
1531,1,20,1531,680
1532,2,20,1531,754
1533,3,20,1531,867
1534,4,20,1531,841
1535,5,20,1531,900
1536,6,20,1531,863
1537,7,20,1531,856
1538,8,20,1531,863
1539,9,20,1531,787
1540,0,20,1541,715
1541,1,20,1541,680
1542,2,20,1541,754
1543,3,20,1541,867
1544,4,20,1541,841
1545,5,20,1541,900
1546,6,20,1541,863
1547,7,20,1541,856
1548,8,20,1541,863
1549,9,20,1541,787
1550,0,20,1551,700
1551,1,20,1551,680
1552,2,20,1551,754
1553,3,20,1551,867
1554,4,20,1551,868
1555,5,20,1551,932
1556,6,20,1551,832
1557,7,20,1551,832
1558,8,20,1551,863
1559,9,20,1551,787
1560,0,20,1561,700
1561,1,20,1561,689
1562,2,20,1561,757
1563,3,20,1561,867
1564,4,20,1561,868
1565,5,20,1561,932
1566,6,20,1561,832
1567,7,20,1561,832
1568,8,20,1561,863
1569,9,20,1561,787
1570,0,20,1571,700
1571,1,20,1571,689
1572,2,20,1571,757
1573,3,20,1571,867
1574,4,20,1571,855
1575,5,20,1571,900
1576,6,20,1571,832
1577,7,20,1571,869
1578,8,20,1571,843
1579,9,20,1571,787
1580,0,20,1581,700
1581,1,20,1581,681
1582,2,20,1581,757
1583,3,20,1581,867
1584,4,20,1581,855
1585,5,20,1581,900
1586,6,20,1581,832
1587,7,20,1581,869
1588,8,20,1581,843
1589,9,20,1581,804
1590,0,20,1591,700
1591,1,20,1591,681
1592,2,20,1591,757
1593,3,20,1591,867
1594,4,20,1591,871
1595,5,20,1591,900
1596,6,20,1591,819
1597,7,20,1591,852
1598,8,20,1591,829
1599,9,20,1591,804
1600,0,20,1601,701
1601,1,20,1601,681
1602,2,20,1601,757
1603,3,20,1601,867
1604,4,20,1601,862
1605,5,20,1601,900
1606,6,20,1601,819
1607,7,20,1601,832
1608,8,20,1601,819
1609,9,20,1601,804
1610,0,20,1611,701
1611,1,20,1611,681
1612,2,20,1611,757
1613,3,20,1611,881
1614,4,20,1611,862
1615,5,20,1611,907
1616,6,20,1611,819
1617,7,20,1611,832
1618,8,20,1611,831
1619,9,20,1611,804
1620,0,20,1621,701
1621,1,20,1621,681
1622,2,20,1621,757
1623,3,20,1621,881
1624,4,20,1621,862
1625,5,20,1621,907
1626,6,20,1621,819
1627,7,20,1621,824
1628,8,20,1621,811
1629,9,20,1621,804
1630,0,20,1631,701
1631,1,20,1631,681
1632,2,20,1631,757
1633,3,20,1631,853
1634,4,20,1631,829
1635,5,20,1631,907
1636,6,20,1631,838
1637,7,20,1631,824
1638,8,20,1631,834
1639,9,20,1631,804
1640,0,20,1641,701
1641,1,20,1641,681
1642,2,20,1641,757
1643,3,20,1641,853
1644,4,20,1641,839
1645,5,20,1641,907
1646,6,20,1641,828
1647,7,20,1641,824
1648,8,20,1641,834
1649,9,20,1641,798
1650,0,20,1651,718
1651,1,20,1651,692
1652,2,20,1651,757
1653,3,20,1651,853
1654,4,20,1651,850
1655,5,20,1651,907
1656,6,20,1651,808
1657,7,20,1651,824
1658,8,20,1651,827
1659,9,20,1651,798
1660,0,20,1661,718
1661,1,20,1661,692
1662,2,20,1661,757
1663,3,20,1661,853
1664,4,20,1661,850
1665,5,20,1661,907
1666,6,20,1661,830
1667,7,20,1661,837
1668,8,20,1661,836
1669,9,20,1661,798
1670,0,20,1671,730
1671,1,20,1671,678
1672,2,20,1671,756
1673,3,20,1671,861
1674,4,20,1671,877
1675,5,20,1671,875
1676,6,20,1671,847
1677,7,20,1671,837
1678,8,20,1671,868
1679,9,20,1671,798
1680,0,20,1681,730
1681,1,20,1681,678
1682,2,20,1681,766
1683,3,20,1681,875
1684,4,20,1681,877
1685,5,20,1681,875
1686,6,20,1681,847
1687,7,20,1681,837
1688,8,20,1681,868
1689,9,20,1681,798
1690,0,20,1691,712
1691,1,20,1691,678
1692,2,20,1691,766
1693,3,20,1691,865
1694,4,20,1691,877
1695,5,20,1691,875
1696,6,20,1691,847
1697,7,20,1691,837
1698,8,20,1691,831
1699,9,20,1691,798
1700,0,20,1701,712
1701,1,20,1701,698
1702,2,20,1701,766
1703,3,20,1701,865
1704,4,20,1701,877
1705,5,20,1701,901
1706,6,20,1701,847
1707,7,20,1701,837
1708,8,20,1701,831
1709,9,20,1701,799
1710,0,20,1711,716
1711,1,20,1711,688
1712,2,20,1711,752
1713,3,20,1711,865
1714,4,20,1711,865
1715,5,20,1711,901
1716,6,20,1711,835
1717,7,20,1711,879
1718,8,20,1711,885
1719,9,20,1711,799
1720,0,20,1721,716
1721,1,20,1721,688
1722,2,20,1721,752
1723,3,20,1721,865
1724,4,20,1721,865
1725,5,20,1721,882
1726,6,20,1721,835
1727,7,20,1721,879
1728,8,20,1721,885
1729,9,20,1721,799
1730,0,20,1731,704
1731,1,20,1731,688
1732,2,20,1731,744
1733,3,20,1731,860
1734,4,20,1731,874
1735,5,20,1731,905
1736,6,20,1731,850
1737,7,20,1731,900
1738,8,20,1731,894
1739,9,20,1731,815
1740,0,20,1741,704
1741,1,20,1741,688
1742,2,20,1741,744
1743,3,20,1741,860
1744,4,20,1741,841
1745,5,20,1741,905
1746,6,20,1741,817
1747,7,20,1741,863
1748,8,20,1741,874
1749,9,20,1741,815
1750,0,20,1751,704
1751,1,20,1751,688
1752,2,20,1751,744
1753,3,20,1751,860
1754,4,20,1751,841
1755,5,20,1751,889
1756,6,20,1751,810
1757,7,20,1751,863
1758,8,20,1751,874
1759,9,20,1751,815
1760,0,20,1761,704
1761,1,20,1761,688
1762,2,20,1761,744
1763,3,20,1761,860
1764,4,20,1761,841
1765,5,20,1761,913
1766,6,20,1761,819
1767,7,20,1761,863
1768,8,20,1761,874
1769,9,20,1761,789
1770,0,20,1771,704
1771,1,20,1771,688
1772,2,20,1771,747
1773,3,20,1771,848
1774,4,20,1771,851
1775,5,20,1771,913
1776,6,20,1771,819
1777,7,20,1771,838
1778,8,20,1771,839
1779,9,20,1771,798
1780,0,20,1781,704
1781,1,20,1781,688
1782,2,20,1781,747
1783,3,20,1781,867
1784,4,20,1781,832
1785,5,20,1781,896
1786,6,20,1781,820
1787,7,20,1781,856
1788,8,20,1781,839
1789,9,20,1781,798
1790,0,20,1791,707
1791,1,20,1791,686
1792,2,20,1791,747
1793,3,20,1791,867
1794,4,20,1791,832
1795,5,20,1791,896
1796,6,20,1791,838
1797,7,20,1791,867
1798,8,20,1791,839
1799,9,20,1791,798
1800,0,20,1801,707
1801,1,20,1801,686
1802,2,20,1801,747
1803,3,20,1801,867
1804,4,20,1801,832
1805,5,20,1801,908
1806,6,20,1801,838
1807,7,20,1801,867
1808,8,20,1801,839
1809,9,20,1801,798
1810,0,20,1811,718
1811,1,20,1811,686
1812,2,20,1811,747
1813,3,20,1811,867
1814,4,20,1811,852
1815,5,20,1811,898
1816,6,20,1811,818
1817,7,20,1811,867
1818,8,20,1811,870
1819,9,20,1811,798
1820,0,20,1821,718
1821,1,20,1821,686
1822,2,20,1821,747
1823,3,20,1821,867
1824,4,20,1821,852
1825,5,20,1821,898
1826,6,20,1821,818
1827,7,20,1821,867
1828,8,20,1821,870
1829,9,20,1821,798
1830,0,20,1831,718
1831,1,20,1831,700
1832,2,20,1831,747
1833,3,20,1831,867
1834,4,20,1831,852
1835,5,20,1831,898
1836,6,20,1831,834
1837,7,20,1831,846
1838,8,20,1831,843
1839,9,20,1831,798
1840,0,20,1841,718
1841,1,20,1841,710
1842,2,20,1841,747
1843,3,20,1841,867
1844,4,20,1841,851
1845,5,20,1841,898
1846,6,20,1841,834
1847,7,20,1841,829
1848,8,20,1841,843
1849,9,20,1841,798
1850,0,20,1851,718
1851,1,20,1851,696
1852,2,20,1851,747
1853,3,20,1851,867
1854,4,20,1851,831
1855,5,20,1851,904
1856,6,20,1851,850
1857,7,20,1851,843
1858,8,20,1851,840
1859,9,20,1851,798
1860,0,20,1861,718
1861,1,20,1861,696
1862,2,20,1861,747
1863,3,20,1861,852
1864,4,20,1861,831
1865,5,20,1861,904
1866,6,20,1861,850
1867,7,20,1861,843
1868,8,20,1861,825
1869,9,20,1861,798
1870,0,20,1871,718
1871,1,20,1871,696
1872,2,20,1871,747
1873,3,20,1871,866
1874,4,20,1871,843
1875,5,20,1871,922
1876,6,20,1871,850
1877,7,20,1871,843
1878,8,20,1871,825
1879,9,20,1871,798
1880,0,20,1881,725
1881,1,20,1881,696
1882,2,20,1881,747
1883,3,20,1881,875
1884,4,20,1881,843
1885,5,20,1881,909
1886,6,20,1881,835
1887,7,20,1881,854
1888,8,20,1881,860
1889,9,20,1881,796
1890,0,20,1891,721
1891,1,20,1891,696
1892,2,20,1891,747
1893,3,20,1891,859
1894,4,20,1891,843
1895,5,20,1891,892
1896,6,20,1891,835
1897,7,20,1891,854
1898,8,20,1891,860
1899,9,20,1891,805
1900,0,20,1901,721
1901,1,20,1901,696
1902,2,20,1901,747
1903,3,20,1901,845
1904,4,20,1901,832
1905,5,20,1901,892
1906,6,20,1901,848
1907,7,20,1901,854
1908,8,20,1901,874
1909,9,20,1901,805
1910,0,20,1911,721
1911,1,20,1911,683
1912,2,20,1911,747
1913,3,20,1911,858
1914,4,20,1911,832
1915,5,20,1911,926
1916,6,20,1911,848
1917,7,20,1911,854
1918,8,20,1911,852
1919,9,20,1911,799
1920,0,20,1921,721
1921,1,20,1921,683
1922,2,20,1921,747
1923,3,20,1921,843
1924,4,20,1921,848
1925,5,20,1921,911
1926,6,20,1921,848
1927,7,20,1921,854
1928,8,20,1921,831
1929,9,20,1921,799
1930,0,20,1931,706
1931,1,20,1931,683
1932,2,20,1931,747
1933,3,20,1931,843
1934,4,20,1931,848
1935,5,20,1931,883
1936,6,20,1931,856
1937,7,20,1931,854
1938,8,20,1931,861
1939,9,20,1931,806
1940,0,20,1941,706
1941,1,20,1941,683
1942,2,20,1941,747
1943,3,20,1941,843
1944,4,20,1941,827
1945,5,20,1941,898
1946,6,20,1941,856
1947,7,20,1941,854
1948,8,20,1941,861
1949,9,20,1941,806
1950,0,20,1951,706
1951,1,20,1951,683
1952,2,20,1951,747
1953,3,20,1951,849
1954,4,20,1951,827
1955,5,20,1951,898
1956,6,20,1951,843
1957,7,20,1951,854
1958,8,20,1951,843
1959,9,20,1951,806
1960,0,20,1961,706
1961,1,20,1961,683
1962,2,20,1961,747
1963,3,20,1961,849
1964,4,20,1961,827
1965,5,20,1961,883
1966,6,20,1961,843
1967,7,20,1961,870
1968,8,20,1961,843
1969,9,20,1961,806
1970,0,20,1971,706
1971,1,20,1971,695
1972,2,20,1971,747
1973,3,20,1971,849
1974,4,20,1971,851
1975,5,20,1971,898
1976,6,20,1971,864
1977,7,20,1971,870
1978,8,20,1971,878
1979,9,20,1971,816
1980,0,20,1981,712
1981,1,20,1981,702
1982,2,20,1981,747
1983,3,20,1981,869
1984,4,20,1981,860
1985,5,20,1981,898
1986,6,20,1981,864
1987,7,20,1981,870
1988,8,20,1981,878
1989,9,20,1981,816
1990,0,20,1991,712
1991,1,20,1991,682
1992,2,20,1991,747
1993,3,20,1991,850
1994,4,20,1991,838
1995,5,20,1991,898
1996,6,20,1991,853
1997,7,20,1991,852
1998,8,20,1991,843
1999,9,20,1991,799
2000,0,20,2001,712
2001,1,20,2001,682
2002,2,20,2001,747
2003,3,20,2001,850
2004,4,20,2001,831
2005,5,20,2001,898
2006,6,20,2001,853
2007,7,20,2001,841
2008,8,20,2001,843
2009,9,20,2001,808
2010,0,20,2011,712
2011,1,20,2011,689
2012,2,20,2011,747
2013,3,20,2011,850
2014,4,20,2011,831
2015,5,20,2011,898
2016,6,20,2011,838
2017,7,20,2011,841
2018,8,20,2011,857
2019,9,20,2011,808
2020,0,20,2021,712
2021,1,20,2021,699
2022,2,20,2021,747
2023,3,20,2021,864
2024,4,20,2021,831
2025,5,20,2021,898
2026,6,20,2021,838
2027,7,20,2021,841
2028,8,20,2021,855
2029,9,20,2021,808
2030,0,20,2031,712
2031,1,20,2031,699
2032,2,20,2031,747
2033,3,20,2031,845
2034,4,20,2031,831
2035,5,20,2031,898
2036,6,20,2031,838
2037,7,20,2031,841
2038,8,20,2031,828
2039,9,20,2031,808
2040,0,20,2041,712
2041,1,20,2041,699
2042,2,20,2041,747
2043,3,20,2041,856
2044,4,20,2041,872
2045,5,20,2041,889
2046,6,20,2041,838
2047,7,20,2041,841
2048,8,20,2041,818
2049,9,20,2041,808
2050,0,20,2051,706
2051,1,20,2051,701
2052,2,20,2051,747
2053,3,20,2051,856
2054,4,20,2051,872
2055,5,20,2051,889
2056,6,20,2051,838
2057,7,20,2051,815
2058,8,20,2051,805
2059,9,20,2051,808
2060,0,20,2061,706
2061,1,20,2061,701
2062,2,20,2061,747
2063,3,20,2061,856
2064,4,20,2061,837
2065,5,20,2061,952
2066,6,20,2061,839
2067,7,20,2061,828
2068,8,20,2061,841
2069,9,20,2061,808
2070,0,20,2071,716
2071,1,20,2071,701
2072,2,20,2071,747
2073,3,20,2071,856
2074,4,20,2071,837
2075,5,20,2071,952
2076,6,20,2071,816
2077,7,20,2071,843
2078,8,20,2071,804
2079,9,20,2071,808
2080,0,20,2081,716
2081,1,20,2081,701
2082,2,20,2081,747
2083,3,20,2081,856
2084,4,20,2081,850
2085,5,20,2081,952
2086,6,20,2081,816
2087,7,20,2081,823
2088,8,20,2081,804
2089,9,20,2081,808
2090,0,20,2091,701
2091,1,20,2091,694
2092,2,20,2091,747
2093,3,20,2091,848
2094,4,20,2091,862
2095,5,20,2091,913
2096,6,20,2091,848
2097,7,20,2091,837
2098,8,20,2091,860
2099,9,20,2091,808
2100,0,20,2101,701
2101,1,20,2101,694
2102,2,20,2101,747
2103,3,20,2101,848
2104,4,20,2101,838
2105,5,20,2101,913
2106,6,20,2101,848
2107,7,20,2101,850
2108,8,20,2101,860
2109,9,20,2101,808
2110,0,20,2111,701
2111,1,20,2111,694
2112,2,20,2111,747
2113,3,20,2111,848
2114,4,20,2111,838
2115,5,20,2111,921
2116,6,20,2111,811
2117,7,20,2111,850
2118,8,20,2111,827
2119,9,20,2111,808
2120,0,20,2121,701
2121,1,20,2121,689
2122,2,20,2121,747
2123,3,20,2121,872
2124,4,20,2121,851
2125,5,20,2121,921
2126,6,20,2121,811
2127,7,20,2121,859
2128,8,20,2121,827
2129,9,20,2121,808
2130,0,20,2131,701
2131,1,20,2131,689
2132,2,20,2131,747
2133,3,20,2131,885
2134,4,20,2131,851
2135,5,20,2131,905
2136,6,20,2131,821
2137,7,20,2131,885
2138,8,20,2131,827
2139,9,20,2131,808
2140,0,20,2141,701
2141,1,20,2141,689
2142,2,20,2141,747
2143,3,20,2141,864
2144,4,20,2141,851
2145,5,20,2141,905
2146,6,20,2141,821
2147,7,20,2141,849
2148,8,20,2141,827
2149,9,20,2141,808
2150,0,20,2151,701
2151,1,20,2151,689
2152,2,20,2151,747
2153,3,20,2151,851
2154,4,20,2151,851
2155,5,20,2151,924
2156,6,20,2151,830
2157,7,20,2151,849
2158,8,20,2151,827
2159,9,20,2151,808
2160,0,20,2161,701
2161,1,20,2161,689
2162,2,20,2161,747
2163,3,20,2161,836
2164,4,20,2161,851
2165,5,20,2161,924
2166,6,20,2161,830
2167,7,20,2161,834
2168,8,20,2161,834
2169,9,20,2161,808
2170,0,20,2171,708
2171,1,20,2171,689
2172,2,20,2171,747
2173,3,20,2171,836
2174,4,20,2171,851
2175,5,20,2171,924
2176,6,20,2171,830
2177,7,20,2171,834
2178,8,20,2171,846
2179,9,20,2171,808
2180,0,20,2181,708
2181,1,20,2181,689
2182,2,20,2181,747
2183,3,20,2181,849
2184,4,20,2181,869
2185,5,20,2181,901
2186,6,20,2181,830
2187,7,20,2181,853
2188,8,20,2181,863
2189,9,20,2181,808
2190,0,20,2191,690
2191,1,20,2191,680
2192,2,20,2191,747
2193,3,20,2191,849
2194,4,20,2191,856
2195,5,20,2191,886
2196,6,20,2191,836
2197,7,20,2191,853
2198,8,20,2191,834
2199,9,20,2191,782
2200,0,20,2201,690
2201,1,20,2201,680
2202,2,20,2201,739
2203,3,20,2201,849
2204,4,20,2201,843
2205,5,20,2201,886
2206,6,20,2201,822
2207,7,20,2201,859
2208,8,20,2201,824
2209,9,20,2201,782
2210,0,20,2211,690
2211,1,20,2211,680
2212,2,20,2211,739
2213,3,20,2211,849
2214,4,20,2211,843
2215,5,20,2211,886
2216,6,20,2211,831
2217,7,20,2211,859
2218,8,20,2211,862
2219,9,20,2211,782
2220,0,20,2221,690
2221,1,20,2221,680
2222,2,20,2221,739
2223,3,20,2221,849
2224,4,20,2221,860
2225,5,20,2221,915
2226,6,20,2221,831
2227,7,20,2221,872
2228,8,20,2221,862
2229,9,20,2221,782
2230,0,20,2231,690
2231,1,20,2231,680
2232,2,20,2231,739
2233,3,20,2231,860
2234,4,20,2231,855
2235,5,20,2231,892
2236,6,20,2231,815
2237,7,20,2231,841
2238,8,20,2231,881
2239,9,20,2231,801
2240,0,20,2241,690
2241,1,20,2241,680
2242,2,20,2241,739
2243,3,20,2241,849
2244,4,20,2241,855
2245,5,20,2241,911
2246,6,20,2241,815
2247,7,20,2241,841
2248,8,20,2241,881
2249,9,20,2241,801
2250,0,20,2251,718
2251,1,20,2251,680
2252,2,20,2251,739
2253,3,20,2251,836
2254,4,20,2251,849
2255,5,20,2251,893
2256,6,20,2251,815
2257,7,20,2251,844
2258,8,20,2251,841
2259,9,20,2251,801
2260,0,20,2261,721
2261,1,20,2261,680
2262,2,20,2261,739
2263,3,20,2261,855
2264,4,20,2261,849
2265,5,20,2261,879
2266,6,20,2261,832
2267,7,20,2261,884
2268,8,20,2261,841
2269,9,20,2261,801
2270,0,20,2271,721
2271,1,20,2271,680
2272,2,20,2271,739
2273,3,20,2271,846
2274,4,20,2271,834
2275,5,20,2271,903
2276,6,20,2271,832
2277,7,20,2271,874
2278,8,20,2271,859
2279,9,20,2271,801
2280,0,20,2281,721
2281,1,20,2281,703
2282,2,20,2281,746
2283,3,20,2281,846
2284,4,20,2281,834
2285,5,20,2281,903
2286,6,20,2281,832
2287,7,20,2281,826
2288,8,20,2281,859
2289,9,20,2281,801
2290,0,20,2291,725
2291,1,20,2291,703
2292,2,20,2291,746
2293,3,20,2291,846
2294,4,20,2291,848
2295,5,20,2291,903
2296,6,20,2291,788
2297,7,20,2291,826
2298,8,20,2291,847
2299,9,20,2291,801
2300,0,20,2301,725
2301,1,20,2301,680
2302,2,20,2301,746
2303,3,20,2301,864
2304,4,20,2301,863
2305,5,20,2301,926
2306,6,20,2301,804
2307,7,20,2301,826
2308,8,20,2301,860
2309,9,20,2301,801
2310,0,20,2311,712
2311,1,20,2311,680
2312,2,20,2311,746
2313,3,20,2311,864
2314,4,20,2311,863
2315,5,20,2311,914
2316,6,20,2311,823
2317,7,20,2311,886
2318,8,20,2311,873
2319,9,20,2311,798
2320,0,20,2321,712
2321,1,20,2321,680
2322,2,20,2321,746
2323,3,20,2321,848
2324,4,20,2321,863
2325,5,20,2321,894
2326,6,20,2321,823
2327,7,20,2321,861
2328,8,20,2321,854
2329,9,20,2321,809
2330,0,20,2331,712
2331,1,20,2331,690
2332,2,20,2331,746
2333,3,20,2331,834
2334,4,20,2331,857
2335,5,20,2331,894
2336,6,20,2331,834
2337,7,20,2331,867
2338,8,20,2331,854
2339,9,20,2331,809
2340,0,20,2341,712
2341,1,20,2341,698
2342,2,20,2341,746
2343,3,20,2341,853
2344,4,20,2341,834
2345,5,20,2341,947
2346,6,20,2341,834
2347,7,20,2341,867
2348,8,20,2341,824
2349,9,20,2341,794
2350,0,20,2351,721
2351,1,20,2351,691
2352,2,20,2351,746
2353,3,20,2351,853
2354,4,20,2351,834
2355,5,20,2351,924
2356,6,20,2351,851
2357,7,20,2351,856
2358,8,20,2351,824
2359,9,20,2351,794
2360,0,20,2361,721
2361,1,20,2361,691
2362,2,20,2361,746
2363,3,20,2361,843
2364,4,20,2361,834
2365,5,20,2361,872
2366,6,20,2361,851
2367,7,20,2361,844
2368,8,20,2361,824
2369,9,20,2361,803
2370,0,20,2371,710
2371,1,20,2371,691
2372,2,20,2371,746
2373,3,20,2371,851
2374,4,20,2371,867
2375,5,20,2371,872
2376,6,20,2371,851
2377,7,20,2371,844
2378,8,20,2371,824
2379,9,20,2371,803
2380,5,20,2372,872
2381,6,20,2373,851
2382,9,20,2373,803
2383,1,20,2375,691
2384,2,20,2375,746
2385,7,20,2375,844
2386,8,20,2375,824
2387,4,20,2380,867
2388,0,20,2381,710
2389,3,20,2381,851
2390,3,20,2381,851
2391,0,20,2391,710
2392,0,20,2401,710
2393,0,20,2411,710
2394,0,20,2421,710
2395,0,20,2431,710
2396,0,20,2441,710
2397,0,20,2451,710
2398,0,20,2461,710
2399,0,20,2471,710
2400,0,20,2481,710
2401,0,20,2486,710
